{
	"#makebrewCreatureTrait": "Shoutouts to CritterDB: https://github.com/haswellr/CritterDB/blob/master/server/public/data/creatureAbilities.json",
	"makebrewCreatureTrait": [
		{
			"name": "Aberrant Ground",
			"entries": [
				"The ground in a 10-foot radius around the <$name$> is doughlike {@quickref difficult terrain||3}. Each creature that starts its turn in that area must succeed on a DC 10 Strength saving throw or have its speed reduced to 0 until the start of its next turn."
			]
		},
		{
			"name": "Acid Absorption",
			"entries": [
				"Whenever the <$name$> is subjected to acid damage, it takes no damage and instead regains a number of hit points equal to the acid damage dealt."
			]
		},
		{
			"name": "Adhesive",
			"entries": [
				"The <$name$> adheres to anything that touches it. A Huge or smaller creature adhered to the mimic is also {@condition grappled} by it (escape DC 13). Ability checks made to escape this grapple have disadvantage."
			]
		},
		{
			"name": "Aggressive",
			"entries": [
				"As a bonus action, the <$name$> can move up to its speed toward a hostile creature that it can see."
			]
		},
		{
			"name": "Air Form",
			"entries": [
				"The <$name$> can enter a hostile creature's space and stop there. It can move through a space as narrow as 1 inch wide without squeezing."
			]
		},
		{
			"name": "Angelic Weapons (Deva)",
			"entries": [
				"The <$name$>'s weapon attacks are magical. When the <$name$> hits with any weapon, the weapon deals an extra {@dice 4d8} radiant damage."
			]
		},
		{
			"name": "Angelic Weapons (Planetar)",
			"entries": [
				"The <$name$>'s weapon attacks are magical. When the <$name$> hits with any weapon, the weapon deals an extra {@dice 5d8} radiant damage."
			]
		},
		{
			"name": "Angelic Weapons (Solar)",
			"entries": [
				"The <$name$>'s weapon attacks are magical. When the <$name$> hits with any weapon, the weapon deals an extra {@dice 6d8} radiant damage."
			]
		},
		{
			"name": "Antimagic Susceptibility",
			"entries": [
				"The <$name$> is {@condition incapacitated} while in the area of an {@i antimagic field}. If targeted by {@i dispel magic}, the <$name$> must succeed on a Constitution saving throw against the caster's spell save DC or fall {@condition unconscious} for 1 minute."
			]
		},
		{
			"name": "Ambusher",
			"entries": [
				"The <$name$> has advantage on attack rolls against any creature it has {@quickref Surprise|PHB|3|0|surprised}."
			]
		},
		{
			"name": "Amorphous",
			"entries": [
				"The <$name$> can move through a space as narrow as 1 inch wide without squeezing."
			]
		},
		{
			"name": "Amphibious",
			"entries": [
				"The <$name$> can breathe air and water."
			]
		},
		{
			"name": "Assassinate",
			"entries": [
				"During its first turn, the <$name$> has advantage on attack rolls against any creature that hasn't taken a turn. Any hit the <$name$> scores against a {@quickref Surprise|PHB|3|0|surprised} creature is a critical hit."
			]
		},
		{
			"name": "Aversion of Fire",
			"entries": [
				"If the <$name$> takes fire damage, it has disadvantage on attack rolls and ability checks until the end of its next turn."
			]
		},
		{
			"name": "Avoidance",
			"entries": [
				"If the <$name$> is subjected to an effect that allows it to make a saving throw to only take half damage, it instead takes no damage if it succeeds on the saving throw, and only half damage if it fails."
			]
		},
		{
			"name": "Barbed Hide (Barbed Devil)",
			"entries": [
				"At the start of each of its turns, the <$name$> deals 5 ({@dice 1d10}) piercing damage to any creature grappling it."
			]
		},
		{
			"name": "Beast of Burden",
			"entries": [
				"The <$name$> is considered to be a Large animal for the purpose of determining its carrying capacity."
			]
		},
		{
			"name": "Berserk (Clay Golem)",
			"entries": [
				"Whenever the <$name$> starts its turn with 60 hit points or fewer, roll a {@dice d6}. On a 6, the <$name$> goes berserk. On each of its turns while berserk, the <$name$> attacks the nearest creature it can see. If no creature is near enough to move to and attack, the <$name$> attacks an object, with preference for an object smaller than itself. Once the <$name$> goes berserk, it continues to do so until it is destroyed or regains all its hit points."
			]
		},
		{
			"name": "Berserk (Flesh Golem)",
			"entries": [
				"Whenever the <$name$> starts its turn with 40 hit points or fewer, roll a {@dice d6}. On a 6, the <$name$> goes berserk. On each of its turns while berserk, the <$name$> attacks the nearest creature it can see. If no creature is near enough to move to and attack, the <$name$> attacks an object, with preference for an object smaller than itself. Once the <$name$> goes berserk, it continues to do so until it is destroyed or regains all its hit points.",
				"The <$name$>'s creator, if within 60 feet of the berserk <$name$>, can try to calm it by speaking firmly and persuasively. The <$name$> must be able to hear its creator, who must take an action to make a DC 15 Charisma ({@skill Persuasion}) check. If the check succeeds, the <$name$> ceases being berserk. If it takes damage while still at 40 hit points or fewer, the <$name$> might go berserk again."
			]
		},
		{
			"name": "Blind Senses",
			"entries": [
				"The <$name$> can't use its blindsight while {@condition deafened} and unable to smell."
			]
		},
		{
			"name": "Blood Frenzy",
			"entries": [
				"The <$name$> has advantage on melee attack rolls against any creature that doesn't have all its hit points."
			]
		},
		{
			"name": "Bound",
			"entries": [
				"The <$name$> is magically bound to an amulet. As long as the <$name$> and its amulet are on the same plane of existence, the amulet's wearer can telepathically call the <$name$> to travel to it, and the <$name$> knows the distance and direction to the amulet. If the <$name$> is within 60 feet of the amulet's wearer, half of any damage the wearer takes (rounded up) is transferred to the <$name$>."
			]
		},
		{
			"name": "Brave",
			"entries": [
				"The <$name$> has advantage on saving throws against being {@condition frightened}."
			]
		},
		{
			"name": "Brute",
			"entries": [
				"A melee weapon deals one extra die of its damage when the <$name$> hits with it."
			]
		},
		{
			"name": "Charge (Wereboar)",
			"entries": [
				"If the <$name$> moves at least 15 feet straight toward a target and then hits it with its tusks on the same turn, the target takes an extra 7 ({@dice 2d6}) slashing damage. If the target is a creature, it must succeed on a DC 13 Strength saving throw or be knocked {@condition prone}."
			]
		},
		{
			"name": "Chameleon Skin",
			"entries": [
				"The <$name$> has advantage on Dexterity ({@skill Stealth}) checks made to hide."
			]
		},
		{
			"name": "Confer Fire Resistance",
			"entries": [
				"The <$name$> can grant resistance to fire damage to anyone riding it."
			]
		},
		{
			"name": "Consume Life (Will-o'-Wisp)",
			"entries": [
				"As a bonus action, the <$name$> can target one creature it can see within 5 feet of it that has 0 hit points and is still alive. The target must succeed on a DC 10 Constitution saving throw against this magic or die. If the target dies, the <$name$> regains 10 ({@dice 3d6}) hit points."
			]
		},
		{
			"name": "Corrode Metal",
			"entries": [
				"Any nonmagical weapon made of metal that hits the <$name$> corrodes. After dealing damage, the weapon takes a permanent and cumulative \u22121 penalty to damage rolls. If its penalty drops to \u22125, the weapon is destroyed. Nonmagical ammunition made of metal that hits the <$name$> is destroyed after dealing damage.",
				"The <$name$> can eat through 2-inch-thick, nonmagical metal in 1 round."
			]
		},
		{
			"name": "Corrosive Form",
			"entries": [
				"A creature that touches the <$name$> or hits it with a melee attack while within 5 feet of it takes 4 ({@dice 1d8}) acid damage. Any nonmagical weapon made of metal or wood that hits the <$name$> corrodes. After dealing damage, the weapon takes a permanent and cumulative \u22121 penalty to damage rolls. If its penalty drops to \u22125, the weapon is destroyed. Nonmagical ammunition made of metal or wood that hits the <$name$> is destroyed after dealing damage.",
				"The <$name$> can eat through 2-inch-thick, nonmagical wood or metal in 1 round."
			]
		},
		{
			"name": "Damage Transfer (Cloaker)",
			"entries": [
				"While attached to a creature, the <$name$> takes only half the damage dealt to it (rounded down), and that creature takes the other half."
			]
		},
		{
			"name": "Damage Transfer (Rug of Smothering)",
			"entries": [
				"While it is grappling a creature, the <$name$> takes only half the damage dealt to it, and the creature {@condition grappled} by the <$name$> takes the other half."
			]
		},
		{
			"name": "Dark Devotion",
			"entries": [
				"The <$name$> has advantage on saving throws against being {@condition charmed} or {@condition frightened}."
			]
		},
		{
			"name": "Death Burst (Dust Mephit)",
			"entries": [
				"When the <$name$> dies, it explodes in a burst of dust. Each creature within 5 feet of it must then succeed on a DC 10 Constitution saving throw or be {@condition blinded} for 1 minute. A {@condition blinded} creature can repeat the saving throw on each of its turns, ending the effect on itself on a success."
			]
		},
		{
			"name": "Death Burst (Magma Mephit)",
			"entries": [
				"When the <$name$> dies, it explodes in a burst of lava. Each creature within 5 feet of it must then succeed on a DC 11 Dexterity saving throw, taking 7 ({@dice 2d6}) fire damage on a failed save, or half as much damage on a successful one."
			]
		},
		{
			"name": "Death Burst (Magmin)",
			"entries": [
				"When the <$name$> dies, it explodes in a burst of fire and magma. Each creature within 10 feet of it must make a DC 11 Dexterity saving throw, taking 7 ({@dice 2d6}) fire damage on a failed save, or half as much damage on a successful one. Flammable objects that aren't being worn or carried in that area are ignited."
			]
		},
		{
			"name": "Death Burst (Ice Mephit)",
			"entries": [
				"When the <$name$> dies, it explodes in a burst of jagged ice. Each creature within 5 feet of it must then succeed on a DC 10 Dexterity saving throw, taking 4 ({@dice 1d8}) slashing damage on a failed save, or half as much damage on a successful one."
			]
		},
		{
			"name": "Death Burst (Steam Mephit)",
			"entries": [
				"When the <$name$> dies, it explodes in a cloud of steam. Each creature within 5 feet of it must then succeed on a DC 10 Dexterity saving throw, taking 4 ({@dice 1d8}) fire damage on a failed save, or half as much damage on a successful one."
			]
		},
		{
			"name": "Death Throes (Balor)",
			"entries": [
				"When the <$name$> dies, it explodes, and each creature within 30 feet of it must make a DC 20 Dexterity saving throw, taking 70 ({@dice 20d6}) fire damage on a failed save, or half as much damage on a successful one. The explosion ignites flammable objects in that area that aren't being worn or carried, and it destroys the <$name$>'s weapons."
			]
		},
		{
			"name": "Devil's Sight",
			"entries": [
				"Magical darkness doesn't impede the <$name$>'s darkvision."
			]
		},
		{
			"name": "Dive Attack (Aarakocra)",
			"entries": [
				"If the <$name$> is flying and dives at least 30 feet straight toward a target and then hits it with a melee weapon attack, the attack deals an extra 3 ({@dice 1d6}) damage to the target."
			]
		},
		{
			"name": "Divine Awareness",
			"entries": [
				"The <$name$> knows if it hears a lie."
			]
		},
		{
			"name": "Duergar Resilience",
			"entries": [
				"The <$name$> has advantage on saving throws against poison, spells, and illusions, as well as to resist being {@condition charmed} or {@condition paralyzed}."
			]
		},
		{
			"name": "Earth Glide",
			"entries": [
				"The <$name$> can burrow through nonmagical, unworked earth and stone. While doing so, the <$name$> doesn't disturb the material it moves through."
			]
		},
		{
			"name": "Echolocation",
			"entries": [
				"The <$name$> can't use its blindsight while {@condition deafened}."
			]
		},
		{
			"name": "Elemental Demise (Djinni)",
			"entries": [
				"If the <$name$> dies, its body disintegrates into a warm breeze, leaving behind only equipment the <$name$> was wearing or carrying."
			]
		},
		{
			"name": "Elemental Demise (Efreeti)",
			"entries": [
				"If the <$name$> dies, its body disintegrates in a flash of fire and puff of smoke, leaving behind only equipment the <$name$> was wearing or carrying."
			]
		},
		{
			"name": "Ephemeral",
			"entries": [
				"The <$name$> can't wear or carry anything."
			]
		},
		{
			"name": "Ethereal Jaunt",
			"entries": [
				"As a bonus action, the <$name$> can magically shift from the Material Plane to the Ethereal Plane, or vice versa."
			]
		},
		{
			"name": "Evasion",
			"entries": [
				"If the <$name$> is subjected to an effect that allows it to make a Dexterity saving throw to take only half damage, the <$name$> instead takes no damage if it succeeds on the saving throw, and only half damage if it fails."
			]
		},
		{
			"name": "Faultless Tracker",
			"entries": [
				"The <$name$> is given a quarry by its summoner. The <$name$> knows the direction and distance to its quarry as long as the two of them are on the same plane of existence. The <$name$> also knows the location of its summoner."
			]
		},
		{
			"name": "False Appearance (Animated Armor)",
			"entries": [
				"While the <$name$> remains motionless, it is indistinguishable from a normal suit of armor."
			]
		},
		{
			"name": "False Appearance (Awakened Shrub)",
			"entries": [
				"While the <$name$> remains motionless, it is indistinguishable from a normal shrub."
			]
		},
		{
			"name": "False Appearance (Awakened Tree)",
			"entries": [
				"While the <$name$> remains motionless, it is indistinguishable from a normal tree."
			]
		},
		{
			"name": "False Appearance (Cloaker)",
			"entries": [
				"While the <$name$> remains motionless without it's underside exposed, it is indistinguishable from a dark leather cloak."
			]
		},
		{
			"name": "False Appearance (Darkmantle)",
			"entries": [
				"While the <$name$> remains motionless, it is indistinguishable from a cave formation such as a stalactite or stalagmite."
			]
		},
		{
			"name": "False Appearance (Flying Sword)",
			"entries": [
				"While the <$name$> remains motionless and isn't flying, it is indistinguishable from a normal sword."
			]
		},
		{
			"name": "False Appearance (Gargoyle)",
			"entries": [
				"While the <$name$> remains motionless, it is indistinguishable from a inanimate statue."
			]
		},
		{
			"name": "False Appearance (Gray Ooze)",
			"entries": [
				"While the <$name$> remains motionless, it is indistinguishable from an oily pool or wet rock."
			]
		},
		{
			"name": "False Appearance (Ice Mephit)",
			"entries": [
				"While the <$name$> remains motionless, it is indistinguishable from an ordinary shard of ice."
			]
		},
		{
			"name": "False Appearance (Magma Mephit)",
			"entries": [
				"While the <$name$> remains motionless, it is indistinguishable from an ordinary mound of magma."
			]
		},
		{
			"name": "False Appearance (Mimic)",
			"entries": [
				"While the <$name$> remains motionless, it is indistinguishable from an ordinary object."
			]
		},
		{
			"name": "False Appearance (Roper)",
			"entries": [
				"While the <$name$> remains motionless, it is indistinguishable from a normal cave formation, such as a stalagmite."
			]
		},
		{
			"name": "False Appearance (Rug of Smothering)",
			"entries": [
				"While the <$name$> remains motionless, it is indistinguishable from a normal rug."
			]
		},
		{
			"name": "False Appearance (Shrieker)",
			"entries": [
				"While the <$name$> remains motionless, it is indistinguishable from an ordinary fungus."
			]
		},
		{
			"name": "False Appearance (Treant)",
			"entries": [
				"While the <$name$> remains motionless, it is indistinguishable from a normal tree."
			]
		},
		{
			"name": "False Appearance (Violet Fungus)",
			"entries": [
				"While the <$name$> remains motionless, it is indistinguishable from an ordinary fungus."
			]
		},
		{
			"name": "Fey Ancestry",
			"entries": [
				"The <$name$> has advantage on saving throws against being {@condition charmed}, and magic can't put the <$name$> to sleep."
			]
		},
		{
			"name": "Fear Aura (Pit Fiend)",
			"entries": [
				"Any creature hostile to the <$name$> that starts its turn within 20 feet of the <$name$> must make a DC 21 Wisdom saving throw, unless the <$name$> is {@condition incapacitated}. On a failed save, the creature is {@condition frightened} until the start of its next turn. If a creature's saving throw is successful, the creature is immune to the <$name$>'s Fear Aura for the next 24 hours."
			]
		},
		{
			"name": "Fiendish Blessing",
			"entries": [
				"The AC of the <$name$> includes its Charisma bonus."
			]
		},
		{
			"name": "Fire Absorption",
			"entries": [
				"Whenever the <$name$> is subjected to fire damage, it takes no damage and instead regains a number of hit points equal to the fire damage dealt."
			]
		},
		{
			"name": "Fire Aura (Balor)",
			"entries": [
				"At the start of each of the <$name$>'s turns, each creature within 5 feet of it takes 10 ({@dice 3d6}) fire damage, and flammable objects in the aura that aren't being worn or carried ignite. A creature that touches the <$name$> or hits it with a melee attack while within 5 feet of it takes 10 ({@dice 3d6}) fire damage."
			]
		},
		{
			"name": "Fire Form (Fire Elemental)",
			"entries": [
				"The <$name$> can move through a space as narrow as 1 inch wide without squeezing. A creature that touches the <$name$> or hits it with a melee attack while within 5 feet of it takes 5 ({@dice 1d10}) fire damage. In addition, the <$name$> can enter a hostile creature's space and stop there. The first time it enters a creature's space on a turn, that creature takes 5 ({@dice 1d10}) fire damage and catches fire; until someone takes an action to douse the fire, the creature takes 5 ({@dice 1d10}) fire damage at the start of each of its turns."
			]
		},
		{
			"name": "Flyby",
			"entries": [
				"The <$name$> doesn't provoke opportunity attacks when it flies out of an enemy's reach."
			]
		},
		{
			"name": "Freedom of Movement",
			"entries": [
				"The <$name$> ignores {@quickref difficult terrain||3}, and magical effects can't reduce its speed or cause it to be {@condition restrained}. It can spend 5 feet of movement to escape from nonmagical restraints or being {@condition grappled}."
			]
		},
		{
			"name": "Freeze",
			"entries": [
				"If the <$name$> takes cold damage, it partially freezes; its speed is reduced by 20 feet until the end of its next turn."
			]
		},
		{
			"name": "Gibbering (Gibbering Mouther)",
			"entries": [
				"The <$name$> babbles incoherently while it can see any creature and isn't {@condition incapacitated}. Each creature that starts its turn within 20 feet of the <$name$> and can hear the gibbering must succeed on a DC 10 Wisdom saving throw. On a failure, the creature can't take reactions until the start of its next turn and rolls a {@dice d8} to determine what it does during its turn. On a 1 to 4, the creature does nothing. On a 5 or 6, the creature takes no action or bonus action and uses all its movement to move in a randomly determined direction. On a 7 or 8, the creature makes a melee attack against a randomly determined creature within its reach or does nothing if it can't make such an attack."
			]
		},
		{
			"name": "Gnome Cunning",
			"entries": [
				"The <$name$> has advantage on Intelligence, Wisdom, and Charisma saving throws against magic."
			]
		},
		{
			"name": "Grappler",
			"entries": [
				"The <$name$> has advantage on attack rolls against any creature {@condition grappled} by it."
			]
		},
		{
			"name": "Grasping Tendrils (Roper)",
			"entries": [
				"The <$name$> can have up to six tendrils at a time. Each tendril can be attacked (AC 20; 10 hit points; immunity to poison and psychic damage). Destroying a tendril deals no damage to the roper, which can extrude a replacement tendril on its next turn. A tendril can also be broken if a creature takes an action and succeeds on a DC 15 Strength check against it."
			]
		},
		{
			"name": "Heated Body (Azer)",
			"entries": [
				"A creature that touches the <$name$> or hits it with a melee attack while within 5 feet of it takes 5 ({@dice 1d10}) fire damage."
			]
		},
		{
			"name": "Heated Body (Remorhaz)",
			"entries": [
				"A creature that touches the <$name$> or hits it with a melee attack while within 5 feet of it takes 10 ({@dice 3d6}) fire damage."
			]
		},
		{
			"name": "Heated Body (Salamander)",
			"entries": [
				"A creature that touches the <$name$> or hits it with a melee attack while within 5 feet of it takes 7 ({@dice 2d6}) fire damage."
			]
		},
		{
			"name": "Heated Weapons (Azer)",
			"entries": [
				"Any metal melee weapon the <$name$> wields deals an extra 3 ({@dice 1d6}) fire damage on a hit."
			]
		},
		{
			"name": "Heated Weapons (Salamander)",
			"entries": [
				"Any metal melee weapon the <$name$> wields deals an extra 3 ({@dice 1d6}) fire damage on a hit."
			]
		},
		{
			"name": "Hellish Rejuvenation (Lemure)",
			"entries": [
				"A <$name$> that dies in the Nine Hells comes back to life with all its hit points in {@dice 1d10} days unless it is killed by a good-aligned creature with a bless spell cast on that creature or its remains are sprinkled with holy water."
			]
		},
		{
			"name": "Hellish Weapons (Erinyes)",
			"entries": [
				"The <$name$>'s weapon attacks are magical and deal an extra 13 ({@dice 3d8}) poison damage on a hit."
			]
		},
		{
			"name": "Hold Breath (Crocodile)",
			"entries": [
				"The <$name$> can hold its breath for 15 minutes."
			]
		},
		{
			"name": "Hold Breath (Giant Crocodile)",
			"entries": [
				"The <$name$> can hold its breath for 30 minutes."
			]
		},
		{
			"name": "Hold Breath (Giant Octopus)",
			"entries": [
				"While out of water, the <$name$> can hold its breath for 1 hour."
			]
		},
		{
			"name": "Hold Breath (Hydra)",
			"entries": [
				"The <$name$> can hold its breath for 1 hour."
			]
		},
		{
			"name": "Hold Breath (Killer Whale)",
			"entries": [
				"The <$name$> can hold its breath for 30 minutes."
			]
		},
		{
			"name": "Hold Breath (Lizardfolk)",
			"entries": [
				"The <$name$> can hold its breath for 15 minutes."
			]
		},
		{
			"name": "Hold Breath (Octopus)",
			"entries": [
				"While out of water, the <$name$> can hold its breath for 30 minutes."
			]
		},
		{
			"name": "Hold Breath (Plesiosaurus)",
			"entries": [
				"The <$name$> can hold its breath for 1 hour."
			]
		},
		{
			"name": "Horrific Appearance (Sea Hag)",
			"entries": [
				"Any humanoid that starts its turn within 30 feet of the <$name$> and can see the <$name$>'s true form must make a DC 11 Wisdom saving throw. On a failed save, the creature is {@condition frightened} for 1 minute. A creature can repeat the saving throw at the end of each of its turns, with disadvantage if the <$name$> is within line of sight, ending the effect on itself on a success. If a creature's saving throw is successful or the effect ends for it, the creature is immune to the <$name$>'s Horrific Appearance for the next 24 hours.",
				"Unless the target is {@quickref Surprise|PHB|3|0|surprised} or the revelation of the <$name$>'s true form is sudden, the target can avert its eyes and avoid making the initial saving throw. Until the start of its next turn, a creature that averts its eyes has disadvantage on attack rolls against the <$name$>."
			]
		},
		{
			"name": "Ice Walk",
			"entries": [
				"The <$name$> can move across and climb icy surfaces without needing to make an ability check. Additionally, {@quickref difficult terrain||3} composed of ice or snow doesn't cost it extra movement."
			]
		},
		{
			"name": "Ignited Illumination (Magmin)",
			"entries": [
				"As a bonus action, the <$name$> can set itself ablaze or extinguish its flames. While ablaze, the <$name$> sheds bright light in a 10-foot radius and dim light for an additional 10 feet."
			]
		},
		{
			"name": "Illumination (Azer)",
			"entries": [
				"The <$name$> sheds bright light in a 10-foot radius and dim light for an additional 10 feet."
			]
		},
		{
			"name": "Illumination (Fire Elemental)",
			"entries": [
				"The <$name$> sheds bright light in a 30-foot radius and dim light for an additional 30 feet."
			]
		},
		{
			"name": "Illumination (Giant Fire Beetle)",
			"entries": [
				"The <$name$> sheds bright light in a 10-foot radius and dim light for an additional 10 feet."
			]
		},
		{
			"name": "Illumination (Nightmare)",
			"entries": [
				"The <$name$> sheds bright light in a 10-foot radius and dim light for an additional 10 feet."
			]
		},
		{
			"name": "Immutable Form",
			"entries": [
				"The <$name$> is immune to any spell or effect that would alter its form."
			]
		},
		{
			"name": "Incorporeal Movement",
			"entries": [
				"The <$name$> can move through other creatures and objects as if they were {@quickref difficult terrain||3}. It takes 5 ({@dice 1d10}) force damage if it ends its turn inside an object."
			]
		},
		{
			"name": "Inscrutable",
			"entries": [
				"The <$name$> is immune to any effect that would sense its emotions or read its thoughts, as well as any divination spell that it refuses. Wisdom ({@skill Insight}) checks made to ascertain the <$name$>'s intentions or sincerity have disadvantage."
			]
		},
		{
			"name": "Invisibility",
			"entries": [
				"The <$name$> is {@condition invisible}."
			]
		},
		{
			"name": "Iron Scent",
			"entries": [
				"The <$name$> can pinpoint, by scent, the location of ferrous metal within 30 feet of it."
			]
		},
		{
			"name": "Keen Hearing",
			"entries": [
				"The <$name$> has advantage on Wisdom ({@skill Perception}) checks that rely on hearing."
			]
		},
		{
			"name": "Keen Hearing and Smell",
			"entries": [
				"The <$name$> has advantage on Wisdom ({@skill Perception}) checks that rely on hearing or smell."
			]
		},
		{
			"name": "Keen Hearing and Sight",
			"entries": [
				"The <$name$> has advantage on Wisdom ({@skill Perception}) checks that rely on hearing or sight."
			]
		},
		{
			"name": "Keen Senses",
			"entries": [
				"The <$name$> has advantage on Wisdom ({@skill Perception}) checks that rely on sight, hearing or smell."
			]
		},
		{
			"name": "Keen Sight",
			"entries": [
				"The <$name$> has advantage on Wisdom ({@skill Perception}) checks that rely on sight."
			]
		},
		{
			"name": "Keen Sight and Smell",
			"entries": [
				"The <$name$> has advantage on Wisdom ({@skill Perception}) checks that rely on sight or smell."
			]
		},
		{
			"name": "Keen Smell",
			"entries": [
				"The <$name$> has advantage on Wisdom ({@skill Perception}) checks that rely on smell."
			]
		},
		{
			"name": "Labyrinthine Recall",
			"entries": [
				"The <$name$> can perfectly recall any path it has traveled."
			]
		},
		{
			"name": "Legendary Resistance (3/Day)",
			"entries": [
				"If the <$name$> fails a saving throw, it can choose to succeed instead."
			]
		},
		{
			"name": "Light Sensitivity",
			"entries": [
				"While in bright light, the <$name$> has disadvantage on attack rolls and Wisdom ({@skill Perception}) checks that rely on sight."
			]
		},
		{
			"name": "Lightning Absorption",
			"entries": [
				"Whenever the <$name$> is subjected to lightning damage, it takes no damage and instead regains a number of hit points equal to the lightning damage dealt."
			]
		},
		{
			"name": "Limited Telepathy (Otyugh)",
			"entries": [
				"The <$name$> can magically transmit simple messages and images to any creature within 120 feet of it that can understand a language. This form of telepathy doesn't allow the receiving creature to telepathically respond."
			]
		},
		{
			"name": "Limited Telepathy (Pseudodragon)",
			"entries": [
				"The <$name$> can magically communicate simple ideas, emotions, and images telepathically with any creature within 100 feet of it that can understand a language."
			]
		},
		{
			"name": "Limited Amphibiousness (Sahuagin)",
			"entries": [
				"The <$name$> can breathe air and water, but it needs to be submerged at least once every 4 hours to avoid suffocating."
			]
		},
		{
			"name": "Limited Magic Immunity (Rakshasha)",
			"entries": [
				"The <$name$> can't be affected or detected by spells of 6th level or lower unless it wishes to be. It has advantage on saving throws against all other spells and magical effects."
			]
		},
		{
			"name": "Magic Resistance",
			"entries": [
				"The <$name$> has advantage on saving throws against spells and other magical effects."
			]
		},
		{
			"name": "Magic Weapons",
			"entries": [
				"The <$name$>'s weapon attacks are magical."
			]
		},
		{
			"name": "Martial Advantage (Hobgoblin)",
			"entries": [
				"Once per turn, the <$name$> can deal an extra 7 ({@dice 2d6}) damage to a creature it hits with a weapon attack if that creature is within 5 feet of an ally of the <$name$> that isn't {@condition incapacitated}."
			]
		},
		{
			"name": "Mimicry (Green Hag)",
			"entries": [
				"The <$name$> can mimic animal sounds and humanoid voices. A creature that hears the sounds can tell they are imitations with a successful DC 14 Wisdom ({@skill Insight}) check."
			]
		},
		{
			"name": "Mimicry (Raven)",
			"entries": [
				"The <$name$> can mimic simple sounds it has heard, such as a person whispering, a baby crying, or an animal chittering. A creature that hears the sounds can tell they are imitations with a successful DC 10 Wisdom ({@skill Insight}) check."
			]
		},
		{
			"name": "Misty Escape (Vampire)",
			"entries": [
				"When it drops to 0 hit points outside its resting place, the <$name$> transforms into a cloud of mist (as in the Shapechanger trait) instead of falling {@condition unconscious}, provided that it isn't in sunlight or running water. If it can't transform, it is destroyed.",
				"While it has 0 hit points in mist form, it can't revert to its <$name$> form, and it must reach its resting place within 2 hours or be destroyed. Once in its resting place, it reverts to its <$name$> form. It is then {@condition paralyzed} until it regains at least 1 hit point. After spending 1 hour in its resting place with 0 hit points, it regains 1 hit point."
			]
		},
		{
			"name": "Mucous Cloud (Aboleth)",
			"entries": [
				"While underwater, the <$name$> is surrounded by transformative mucus. A creature that touches the <$name$> or that hits it with a melee attack while within 5 feet of it must make a DC 14 Constitution saving throw. On a failure, the creature is diseased for {@dice 1d4} hours. The diseased creature can breathe only underwater."
			]
		},
		{
			"name": "Multiple Heads (Hydra)",
			"entries": [
				"The <$name$> has five heads. While it has more than one head, the <$name$> has advantage on saving throws against being {@condition blinded}, {@condition charmed}, {@condition deafened}, {@condition frightened}, {@condition stunned}, and knocked {@condition unconscious}.",
				"Whenever the <$name$> takes 25 or more damage in a single turn, one of its heads dies. If all its heads die, the <$name$> dies.",
				"At the end of its turn, it grows two heads for each of its heads that died since its last turn, unless it has taken fire damage since its last turn. The <$name$> regains 10 hit points for each head regrown in this way."
			]
		},
		{
			"name": "Nimble Escape",
			"entries": [
				"The <$name$> can take the {@action Disengage} or {@action Hide} action as a bonus action on each of its turns."
			]
		},
		{
			"name": "Ooze Cube (Gelatinous Cube)",
			"entries": [
				"The <$name$> takes up its entire space. Other creatures can enter the space, but a creature that does so is subjected to the <$name$>'s Engulf and has disadvantage on the saving throw.",
				"Creatures inside the <$name$> can be seen but have total cover.",
				"A creature within 5 feet of the <$name$> can take an action to pull a creature or object out of the <$name$>. Doing so requires a successful DC 12 Strength check, and the creature making the attempt takes 10 ({@dice 3d6}) acid damage.",
				"The <$name$> can hold only one Large creature or up to four Medium or smaller creatures inside it at a time."
			]
		},
		{
			"name": "Otherworldly Perception",
			"entries": [
				"The <$name$> can sense the presence of any creature within 30 feet of it that is {@condition invisible} or on the Ethereal Plane. It can pinpoint such a creature that is moving."
			]
		},
		{
			"name": "Pack Tactics",
			"entries": [
				"The <$name$> has advantage on an attack roll against a creature if at least one of the <$name$>'s allies is within 5 feet of the creature and the ally isn't {@condition incapacitated}."
			]
		},
		{
			"name": "Petrifying Gaze (Basilisk)",
			"entries": [
				"If a creature starts its turn within 30 feet of the <$name$> and the two of them can see each other, the <$name$> can force the creature to make a DC 12 Constitution saving throw if the <$name$> isn't {@condition incapacitated}. On a failed save, the creature magically begins to turn to stone and is {@condition restrained}. It must repeat the saving throw at the end of its next turn. On a success, the effect ends. On a failure, the creature is {@condition petrified} until freed by the greater restoration spell or other magic.",
				"A creature that isn't {@quickref Surprise|PHB|3|0|surprised} can avert its eyes to avoid the saving throw at the start of its turn. If it does so, it can't see the <$name$> until the start of its next turn, when it can avert its eyes again. If it looks at the <$name$> in the meantime, it must immediately make the save.",
				"If the <$name$> sees its reflection within 30 feet of it in bright light, it mistakes itself for a rival and targets itself with its gaze."
			]
		},
		{
			"name": "Pounce (Lion)",
			"entries": [
				"If the <$name$> moves at least 20 feet straight toward a creature and then hits it with a claw attack on the same turn, that target must succeed on a DC 13 Strength saving throw or be knocked {@condition prone}. If the target is {@condition prone}, the <$name$> can make one bite attack against it as a bonus action."
			]
		},
		{
			"name": "Pounce (Panther)",
			"entries": [
				"If the <$name$> moves at least 20 feet straight toward a creature and then hits it with a claw attack on the same turn, that target must succeed on a DC 12 Strength saving throw or be knocked {@condition prone}. If the target is {@condition prone}, the <$name$> can make one bite attack against it as a bonus action."
			]
		},
		{
			"name": "Pounce (Saber-Toothed Tiger)",
			"entries": [
				"If the <$name$> moves at least 20 feet straight toward a creature and then hits it with a claw attack on the same turn, that target must succeed on a DC 14 Strength saving throw or be knocked {@condition prone}. If the target is {@condition prone}, the <$name$> can make one bite attack against it as a bonus action."
			]
		},
		{
			"name": "Pounce (Tiger)",
			"entries": [
				"If the <$name$> moves at least 20 feet straight toward a creature and then hits it with a claw attack on the same turn, that target must succeed on a DC 13 Strength saving throw or be knocked {@condition prone}. If the target is {@condition prone}, the <$name$> can make one bite attack against it as a bonus action."
			]
		},
		{
			"name": "Pounce (Weretiger)",
			"entries": [
				"If the <$name$> moves at least 15 feet straight toward a creature and then hits it with a claw attack on the same turn, that target must succeed on a DC 14 Strength saving throw or be knocked {@condition prone}. If the target is {@condition prone}, the <$name$> can make one bite attack against it as a bonus action."
			]
		},
		{
			"name": "Probing Telepathy (Aboleth)",
			"entries": [
				"If a creature communicates telepathically with the <$name$>, the <$name$> learns the creature's greatest desires if the <$name$> can see the creature."
			]
		},
		{
			"name": "Psychic Defense",
			"entries": [
				"While the <$name$> is wearing no armor and wielding no shield, its AC includes its Wisdom modifier."
			]
		},
		{
			"name": "Rampage",
			"entries": [
				"When the <$name$> reduces a creature to 0 hit points with a melee attack on its turn, the <$name$> can take a bonus action to move up to half its speed and make another attack."
			]
		},
		{
			"name": "Reactive",
			"entries": [
				"The <$name$> can take one reaction on every turn in combat."
			]
		},
		{
			"name": "Reactive Heads (Hydra)",
			"entries": [
				"For each head the <$name$> has beyond one, it gets an extra reaction that can be used only for opportunity attacks."
			]
		},
		{
			"name": "Reckless",
			"entries": [
				"At the start of its turn, the <$name$> can gain advantage on all melee weapon attack rolls it makes during that turn, but attack rolls against it have advantage until the start of its next turn."
			]
		},
		{
			"name": "Reflective Carapace (Tarrasque)",
			"entries": [
				"Any time the <$name$> is targeted by a {@spell magic missile} spell, a line spell, or a spell that requires a ranged attack roll, roll a {@dice d6}. On a 1 to 5, the <$name$> is unaffected. On a 6, the <$name$> is unaffected, and the effect is reflected back at the caster as though it originated from the <$name$>, turning the caster into the target."
			]
		},
		{
			"name": "Regeneration (Oni)",
			"entries": [
				"The <$name$> regains 10 hit points at the start of its turn if it has at least 1 hit point."
			]
		},
		{
			"name": "Regeneration (Shield Guardian)",
			"entries": [
				"The <$name$> regains 10 hit points at the start of its turn if it has at least 1 hit point."
			]
		},
		{
			"name": "Regeneration (Troll)",
			"entries": [
				"The <$name$> regains 10 hit points at the start of its turn. If the <$name$> takes acid or fire damage, this trait doesn't function at the start of the <$name$>'s next turn. The <$name$> dies only if it starts its turn with 0 hit points and doesn't regenerate."
			]
		},
		{
			"name": "Regeneration (Vampire)",
			"entries": [
				"The <$name$> regains 20 hit points at the start of its turn if it has at least 1 hit point and isn't in sunlight or running water. If the <$name$> takes radiant damage or damage from holy water, this trait doesn't function at the start of the <$name$>'s next turn."
			]
		},
		{
			"name": "Regeneration (Vampire Spawn)",
			"entries": [
				"The <$name$> regains 10 hit points at the start of its turn if it has at least 1 hit point and isn't in sunlight or running water. If the <$name$> takes radiant damage or damage from holy water, this trait doesn't function at the start of the <$name$>'s next turn."
			]
		},
		{
			"name": "Rejuvenation (Guardian Naga)",
			"entries": [
				"If it dies, the <$name$> returns to life in {@dice 1d6} days and regains all its hit points. Only a {@spell wish} spell can prevent this trait from functioning."
			]
		},
		{
			"name": "Rejuvenation (Lich)",
			"entries": [
				"If it has a phylactery, a destroyed <$name$> gains a new body in {@dice 1d10} days, regaining all its hit points and becoming active again. The new body appears within 5 feet of the phylactery."
			]
		},
		{
			"name": "Rejuvenation (Mummy Lord)",
			"entries": [
				"A destroyed <$name$> gains a new body in 24 hours if its heart is intact, regaining all its hit points and becoming active again. The new body appears within 5 feet of the <$name$>'s heart."
			]
		},
		{
			"name": "Rejuvenation (Spirit Naga)",
			"entries": [
				"If it dies, the <$name$> returns to life in {@dice 1d6} days and regains all its hit points. Only a {@spell wish} spell can prevent this trait from functioning."
			]
		},
		{
			"name": "Relentless (Boar)",
			"entries": [
				"If the <$name$> takes 7 damage or less that would reduce it to 0 hit points, it is reduced to 1 hit point instead."
			]
		},
		{
			"name": "Relentless (Giant Boar)",
			"entries": [
				"If the <$name$> takes 10 damage or less that would reduce it to 0 hit points, it is reduced to 1 hit point instead."
			]
		},
		{
			"name": "Relentless (Wereboar)",
			"entries": [
				"If the <$name$> takes 14 damage or less that would reduce it to 0 hit points, it is reduced to 1 hit point instead."
			]
		},
		{
			"name": "Running Leap (Lion)",
			"entries": [
				"With a 10-foot running start, the <$name$> can long jump up to 25 feet."
			]
		},
		{
			"name": "Rust Metal",
			"entries": [
				"Any nonmagical weapon made of metal that hits the <$name$> corrodes. After dealing damage, the weapon takes a permanent and cumulative \u22121 penalty to damage rolls. If its penalty drops to \u22125, the weapon is destroyed. Nonmagical ammunition made of metal that hits the <$name$> is destroyed after dealing damage."
			]
		},
		{
			"name": "Sense Magic (Chuul)",
			"entries": [
				"The <$name$> senses magic within 120 feet of it at will. This trait otherwise works like the detect magic spell but isn't itself magical"
			]
		},
		{
			"name": "Shielded Mind",
			"entries": [
				"The <$name$> is immune to scrying and to any effect that would sense its emotions, read its thoughts, or detect its location."
			]
		},
		{
			"name": "Siege Monster",
			"entries": [
				"The <$name$> deals double damage to objects and structures."
			]
		},
		{
			"name": "Shadow Stealth",
			"entries": [
				"While in dim light or darkness, the <$name$> can take the {@action Hide} action as a bonus action."
			]
		},
		{
			"name": "Shapechanger (Doppelganger)",
			"entries": [
				"The <$name$> can use its action to polymorph into a Small or Medium humanoid it has seen, or back into its true form. Its statistics, other than its size, are the same in each form. Any equipment it is wearing or carrying isn't transformed. It reverts to its true form if it dies."
			]
		},
		{
			"name": "Shapechanger (Imp)",
			"entries": [
				"The <$name$> can use its action to polymorph into a beast form that resembles a rat (speed 20 ft.), a raven (20 ft., fly 60 ft.), or a spider (20 ft., climb 20 ft.), or back into its true form. Its statistics are the same in each form, except for the speed changes noted. Any equipment it is wearing or carrying isn't transformed. It reverts to its true form if it dies."
			]
		},
		{
			"name": "Shapechanger (Mimic)",
			"entries": [
				"The <$name$> can use its action to polymorph into an object or back into its true, amorphous form. Its statistics are the same in each form. Any equipment it is wearing or carrying isn't transformed. It reverts to its true form if it dies."
			]
		},
		{
			"name": "Shapechanger (Quasit)",
			"entries": [
				"The <$name$> can use its action to polymorph into a beast form that resembles a bat (speed 10 ft. fly 40 ft.), a centipede (40 ft., climb 40 ft.), or a toad (40 ft., swim 40 ft.), or back into its true form. Its statistics are the same in each form, except for the speed changes noted. Any equipment it is wearing or carrying isn't transformed. It reverts to its true form if it dies."
			]
		},
		{
			"name": "Shapechanger (Succubus/Incubus)",
			"entries": [
				"The <$name$> can use its action to polymorph into a Small or Medium humanoid, or back into its true form. Without wings, the <$name$> loses its flying speed. Other than its size and speed, its statistics are the same in each form. Any equipment it is wearing or carrying isn't transformed. It reverts to its true form if it dies."
			]
		},
		{
			"name": "Shapechanger (Vampire)",
			"entries": [
				"If the <$name$> isn't in sunlight or running water, it can use its action to polymorph into a Tiny bat or a Medium cloud of mist, or back into its true form. While in bat form, the <$name$> can't speak, its walking speed is 5 feet, and it has a flying speed of 30 feet. Its statistics, other than its size and speed, are unchanged. Anything it is wearing transforms with it, but nothing it is carrying does. It reverts to its true form if it dies. While in mist form, the <$name$> can't take any actions, speak, or manipulate objects. It is weightless, has a flying speed of 20 feet, can hover, and can enter a hostile creature's space and stop there. In addition, if air can pass through a space, the mist can do so without squeezing, and it can't pass through water. It has advantage on Strength, Dexterity, and Constitution saving throws, and it is immune to all nonmagical damage, except the damage it takes from sunlight."
			]
		},
		{
			"name": "Shapechanger (Werebear)",
			"entries": [
				"The <$name$> can use its action to polymorph into a Large bear-humanoid hybrid or into a Large bear, or back into its true form, which is humanoid. Its statistics, other than its size and AC, are the same in each form. Any equipment it is wearing or carrying isn't transformed. It reverts to its true form if it dies."
			]
		},
		{
			"name": "Shapechanger (Wereboar)",
			"entries": [
				"The <$name$> can use its action to polymorph into a boar-humanoid hybrid or into a boar, or back into its true form, which is humanoid. Its statistics, other than its AC, are the same in each form. Any equipment it is wearing or carrying isn't transformed. It reverts to its true form if it dies."
			]
		},
		{
			"name": "Shapechanger (Wererat)",
			"entries": [
				"The <$name$> can use its action to polymorph into a rat-humanoid hybrid or into a giant rat, or back into its true form, which is humanoid. Its statistics, other than its size, are the same in each form. Any equipment it is wearing or carrying isn't transformed. It reverts to its true form if it dies."
			]
		},
		{
			"name": "Shapechanger (Weretiger)",
			"entries": [
				"The <$name$> can use its action to polymorph into a tiger-humanoid hybrid or into a tiger, or back into its true form, which is humanoid. Its statistics, other than its size, are the same in each form. Any equipment it is wearing or carrying isn't transformed. It reverts to its true form if it dies."
			]
		},
		{
			"name": "Shapechanger (Werewolf)",
			"entries": [
				"The <$name$> can use its action to polymorph into a wolf-humanoid hybrid or into a wolf, or back into its true form, which is humanoid. Its statistics, other than its AC, are the same in each form. Any equipment it is wearing or carrying isn't transformed. It reverts to its true form if it dies."
			]
		},
		{
			"name": "Shark Telepathy",
			"entries": [
				"The <$name$> can magically command any shark within 120 feet of it, using a limited telepathy."
			]
		},
		{
			"name": "Slippery",
			"entries": [
				"The kuo-toa has advantage on ability checks and saving throws made to escape a grapple."
			]
		},
		{
			"name": "Sneak Attack (Assassin)",
			"entries": [
				"Once per turn, the <$name$> deals an extra 14 ({@dice 4d6}) damage when it hits a target with a weapon attack and has advantage on the attack roll, or when the target is within 5 feet of an ally of the <$name$> that isn't {@condition incapacitated} and the <$name$> doesn't have disadvantage on the attack roll."
			]
		},
		{
			"name": "Sneak Attack (Spy)",
			"entries": [
				"The <$name$> deals an extra 7 ({@dice 2d6}) damage when it hits a target with a weapon attack and has advantage on the attack roll, or when the target is within 5 feet of an ally of the <$name$> that isn't {@condition incapacitated} and the <$name$> doesn't have disadvantage on the attack roll."
			]
		},
		{
			"name": "Spell Storing (Shield Guardian)",
			"entries": [
				"A spellcaster who wears the <$name$>'s amulet can cause the <$name$> to store one spell of 4th level or lower. To do so, the wearer must cast the spell on the <$name$>. The spell has no effect but is stored within the <$name$>. When commanded to do so by the wearer or when a situation arises that was predefined by the spellcaster, the <$name$> casts the stored spell with any parameters set by the original caster, requiring no components. When the spell is cast or a new spell is stored, any previously stored spell is lost."
			]
		},
		{
			"name": "Snow Camouflage",
			"entries": [
				"The <$name$> has advantage on Dexterity ({@skill Stealth}) checks made to hide in snowy terrain."
			]
		},
		{
			"name": "Speak with Beasts and Plants",
			"entries": [
				"The <$name$> can communicate with beasts and plants as if they shared a language."
			]
		},
		{
			"name": "Spider Climb",
			"entries": [
				"The <$name$> can climb difficult surfaces, including upside down on ceilings, without needing to make an ability check."
			]
		},
		{
			"name": "Standing Leap (Bulette)",
			"entries": [
				"The <$name$>'s long jump is up to 30 feet and its high jump is up to 15 feet, with or without a running start."
			]
		},
		{
			"name": "Standing Leap (Frog)",
			"entries": [
				"The <$name$>'s long jump is up to 10 feet and its high jump is up to 5 feet, with or without a running start."
			]
		},
		{
			"name": "Standing Leap (Giant Frog)",
			"entries": [
				"The <$name$>'s long jump is up to 20 feet and its high jump is up to 10 feet, with or without a running start."
			]
		},
		{
			"name": "Standing Leap (Giant Toad)",
			"entries": [
				"The <$name$>'s long jump is up to 20 feet and its high jump is up to 10 feet, with or without a running start."
			]
		},
		{
			"name": "Steadfast",
			"entries": [
				"The <$name$> can't be {@condition frightened} while it can see an allied creature within 30 feet of it."
			]
		},
		{
			"name": "Stench (Hezrou)",
			"entries": [
				"Any creature that starts its turn within 10 feet of the <$name$> must succeed on a DC 14 Constitution saving throw or be {@condition poisoned} until the start of its next turn. On a successful saving throw, the creature is immune to the <$name$>'s stench for 24 hours."
			]
		},
		{
			"name": "Surprise Attack (Bugbear)",
			"entries": [
				"If the <$name$> surprises a creature and hits it with an attack during the first round of combat, the target takes an extra 7 ({@dice 2d6}) damage from the attack."
			]
		},
		{
			"name": "Surprise Attack (Doppelganger)",
			"entries": [
				"If the <$name$> surprises a creature and hits it with an attack during the first round of combat, the target takes an extra 10 ({@dice 3d6}) damage from the attack."
			]
		},
		{
			"name": "Sure-Footed",
			"entries": [
				"The <$name$> has advantage on Strength and Dexterity saving throws made against effects that would knock it {@condition prone}."
			]
		},
		{
			"name": "Stone Camouflage",
			"entries": [
				"The <$name$> has advantage on Dexterity ({@skill Stealth}) checks made to hide in rocky terrain."
			]
		},
		{
			"name": "Sunlight Sensitivity",
			"entries": [
				"While in sunlight, the <$name$> has disadvantage on attack rolls, as well as on Wisdom ({@skill Perception}) checks that rely on sight."
			]
		},
		{
			"name": "Sunlight Weakness",
			"entries": [
				"While in sunlight, the <$name$> has disadvantage on attack rolls, ability checks, and saving throws."
			]
		},
		{
			"name": "Sure Footed",
			"entries": [
				"The <$name$> has advantage on Strength and Dexterity saving throws made against effects that would knock it {@condition prone}."
			]
		},
		{
			"name": "Swamp Camouflage",
			"entries": [
				"The <$name$> has advantage on Dexterity ({@skill Stealth}) checks made to hide in swampy terrain."
			]
		},
		{
			"name": "Swarm (Swarm of Bats)",
			"entries": [
				"The <$name$> can occupy another creature's space and vice versa, and the swarm can move through any opening large enough for a Tiny bat. The swarm can't regain hit points or gain temporary hit points."
			]
		},
		{
			"name": "Swarm (Swarm of Bats)",
			"entries": [
				"The <$name$> can occupy another creature's space and vice versa, and the swarm can move through any opening large enough for a Tiny insect. The swarm can't regain hit points or gain temporary hit points."
			]
		},
		{
			"name": "Swarm (Swarm of Poisonous Snakes)",
			"entries": [
				"The <$name$> can occupy another creature's space and vice versa, and the swarm can move through any opening large enough for a Tiny snake. The swarm can't regain hit points or gain temporary hit points."
			]
		},
		{
			"name": "Swarm (Swarm of Quippers)",
			"entries": [
				"The <$name$> can occupy another creature's space and vice versa, and the swarm can move through any opening large enough for a Tiny quipper. The swarm can't regain hit points or gain temporary hit points."
			]
		},
		{
			"name": "Swarm (Swarm of Rats)",
			"entries": [
				"The <$name$> can occupy another creature's space and vice versa, and the swarm can move through any opening large enough for a Tiny rat. The swarm can't regain hit points or gain temporary hit points."
			]
		},
		{
			"name": "Swarm (Swarm of Ravens)",
			"entries": [
				"The <$name$> can occupy another creature's space and vice versa, and the swarm can move through any opening large enough for a Tiny raven. The swarm can't regain hit points or gain temporary hit points."
			]
		},
		{
			"name": "Tactical Discipline",
			"entries": [
				"The <$name$> has advantage on all ability checks and saving throws made during combat."
			]
		},
		{
			"name": "Tail Spike Regrowth (Manticore)",
			"entries": [
				"The <$name$> has twenty-four tail spikes. Used spikes regrow when the <$name$> finishes a long rest."
			]
		},
		{
			"name": "Telepathic Bond (Homunculus)",
			"entries": [
				"While the <$name$> is on the same plane of existence as its master, it can magically convey what it senses to its master, and the two can communcate telepathically."
			]
		},
		{
			"name": "Telepathic Bond (Succubus/Incubus)",
			"entries": [
				"The <$name$> ignores the range restriction on its telepathy when communicating with a creature it has {@condition charmed}. The two don't even need to be on the same plane of existence."
			]
		},
		{
			"name": "Trampling Charge (Gorgon)",
			"entries": [
				"If the <$name$> moves at least 20 feet straight toward a creature and then hits it with a gore attack on the same turn, that target must succeed on a DC 16 Strength saving throw or be knocked {@condition prone}. If the target is {@condition prone}, the <$name$> can make one attack with its hooves against it as a bonus action."
			]
		},
		{
			"name": "Trampling Charge (Elephant)",
			"entries": [
				"If the <$name$> moves at least 20 feet straight toward a creature and then hits it with a gore attack on the same turn, that target must succeed on a DC 12 Strength saving throw or be knocked {@condition prone}. If the target is {@condition prone}, the <$name$> can make one stomp attack against it as a bonus action."
			]
		},
		{
			"name": "Trampling Charge (Mammoth)",
			"entries": [
				"If the <$name$> moves at least 20 feet straight toward a creature and then hits it with a gore attack on the same turn, that target must succeed on a DC 18 Strength saving throw or be knocked {@condition prone}. If the target is {@condition prone}, the <$name$> can make one stomp attack against it as a bonus action."
			]
		},
		{
			"name": "Trampling Charge (Triceratops)",
			"entries": [
				"If the <$name$> moves at least 20 feet straight toward a creature and then hits it with a gore attack on the same turn, that target must succeed on a DC 13 Strength saving throw or be knocked {@condition prone}. If the target is {@condition prone}, the <$name$> can make one stomp attack against it as a bonus action."
			]
		},
		{
			"name": "Trampling Charge (Warhorse)",
			"entries": [
				"If the <$name$> moves at least 20 feet straight toward a creature and then hits it with a hooves attack on the same turn, that target must succeed on a DC 14 Strength saving throw or be knocked {@condition prone}. If the target is {@condition prone}, the <$name$> can make another attack with its hooves against it as a bonus action."
			]
		},
		{
			"name": "Transparent (Gelatinous Cube)",
			"entries": [
				"Even when the <$name$> is in plain sight, it takes a successful DC 15 Wisdom ({@skill Perception}) check to spot a <$name$> that has neither moved nor attacked. A creature that tries to enter the <$name$>'s space while unaware of the <$name$> is {@quickref Surprise|PHB|3|0|surprised} by the <$name$>."
			]
		},
		{
			"name": "Treasure Sense",
			"entries": [
				"The <$name$> can pinpoint, by scent, the location of precious metals and stones, such as coins and gems, within 60 feet of it."
			]
		},
		{
			"name": "Tree Stride",
			"entries": [
				"Once on their turn, the <$name$> can use 10 feet of movement to step magically into one living tree within reach and emerge from a second living tree within 60 feet of the first tree, appearing in an unoccupied space within 5 feet of the second tree. Both trees must be Large or bigger."
			]
		},
		{
			"name": "Tunneler (Purple Worm)",
			"entries": [
				"The <$name$> can burrow through solid rock at half its burrow speed and leaves a 10-foot-diameter tunnel in its wake."
			]
		},
		{
			"name": "Turning Defiance (Ghast)",
			"entries": [
				"The <$name$> and any ghouls within 30 feet of it have advantage on saving throws against effects that turn undead."
			]
		},
		{
			"name": "Turn Resistance",
			"entries": [
				"The <$name$> has advantage on saving throws against any effect that turns undead."
			]
		},
		{
			"name": "Turn Immunity",
			"entries": [
				"The <$name$> is immune to effects that turn undead."
			]
		},
		{
			"name": "Two Heads",
			"entries": [
				"The <$name$> has advantage on Wisdom ({@skill Perception}) checks and on saving throws against being {@condition blinded}, {@condition charmed}, {@condition deafened}, {@condition frightened}, {@condition stunned}, or knocked {@condition unconscious}."
			]
		},
		{
			"name": "Undead Fortitude",
			"entries": [
				"If damage reduces the <$name$> to 0 hit points, it must make a Constitution saving throw with a DC of 5 + the damage taken, unless the damage is radiant or from a critical hit. On a success, the <$name$> drops to 1 hit point instead."
			]
		},
		{
			"name": "Underwater Camouflage",
			"entries": [
				"The <$name$> has advantage on Dexterity ({@skill Stealth}) checks made while underwater."
			]
		},
		{
			"name": "Vampire Weakness (Vampire)",
			"entries": [
				"The <$name$> has the following flaws:",
				"{@i Forbiddance}. The <$name$> can't enter a residence without an invitation from one of the occupants.",
				"{@i Harmed by Running Water}. The <$name$> takes 20 acid damage if it ends its turn in running water.",
				"{@i Stake to the Heart}. If a piercing weapon made of wood is driven into the <$name$>'s heart while the <$name$> is {@condition incapacitated} in its resting place, the <$name$> is {@condition paralyzed} until the stake is removed.",
				"{@i Sunlight Hypersensitivity}. The <$name$> takes 20 radiant damage when it starts its turn in sunlight. While in sunlight, it has disadvantage on attack rolls and ability checks."
			]
		},
		{
			"name": "Variable Illumination (Will-o'-Wisp)",
			"entries": [
				"The <$name$> sheds bright light in a 5- to 20-foot radius and dim light for an additional number of feet equal to the chosen radius. The <$name$> can alter the radius as a bonus action."
			]
		},
		{
			"name": "Wakeful (Ettin)",
			"entries": [
				"When one of the <$name$>'s heads is asleep, another head is awake."
			]
		},
		{
			"name": "Wakeful (Hydra)",
			"entries": [
				"While the <$name$> sleeps, at least one of its heads is awake."
			]
		},
		{
			"name": "Water Breathing",
			"entries": [
				"The <$name$> can breathe only underwater."
			]
		},
		{
			"name": "Water Form (Water Elemental)",
			"entries": [
				"The <$name$> can enter a hostile creature's space and stop there. It can move through a space as narrow as 1 inch wide without squeezing."
			]
		},
		{
			"name": "Water Susceptibility (Fire Elemental)",
			"entries": [
				"For every 5 feet the <$name$> moves in water, or for every gallon of water splashed on it, it takes 1 cold damage."
			]
		},
		{
			"name": "Web Sense",
			"entries": [
				"While in contact with a web, the <$name$> knows the exact location of any other creature in contact with the same web."
			]
		},
		{
			"name": "Web Walker",
			"entries": [
				"The <$name$> ignores movement restrictions caused by webbing."
			]
		}
	]
}
