{
	"AI": "bestiary-ai.json",
	"AitFR-ISF": "bestiary-aitfr-isf.json",
	"AitFR-THP": "bestiary-aitfr-thp.json",
	"AitFR-DN": "bestiary-aitfr-dn.json",
	"AitFR-FCD": "bestiary-aitfr-fcd.json",
	"BGDIA": "bestiary-bgdia.json",
	"CM": "bestiary-cm.json",
	"CoS": "bestiary-cos.json",
	"CRCotN": "bestiary-crcotn.json",
	"DC": "bestiary-dc.json",
	"DIP": "bestiary-dip.json",
	"DMG": "bestiary-dmg.json",
	"DoD": "bestiary-dod.json",
	"EGW": "bestiary-egw.json",
	"ERLW": "bestiary-erlw.json",
	"ESK": "bestiary-esk.json",
	"FTD": "bestiary-ftd.json",
	"GGR": "bestiary-ggr.json",
	"GoS": "bestiary-gos.json",
	"HftT": "bestiary-hftt.json",
	"HoL": "bestiary-hol.json",
	"HotDQ": "bestiary-hotdq.json",
	"IDRotF": "bestiary-idrotf.json",
	"IMR": "bestiary-imr.json",
	"KKW": "bestiary-kkw.json",
	"LLK": "bestiary-llk.json",
	"LMoP": "bestiary-lmop.json",
	"LR": "bestiary-lr.json",
	"MaBJoV": "bestiary-mabjov.json",
	"MCV1SC": "bestiary-mcv1sc.json",
	"MFF": "bestiary-mff.json",
	"MM": "bestiary-mm.json",
	"MPMM": "bestiary-mpmm.json",
	"MOT": "bestiary-mot.json",
	"MTF": "bestiary-mtf.json",
	"NRH-TCMC": "bestiary-nrh-tcmc.json",
	"NRH-AVitW": "bestiary-nrh-avitw.json",
	"NRH-ASS": "bestiary-nrh-ass.json",
	"NRH-CoI": "bestiary-nrh-coi.json",
	"NRH-TLT": "bestiary-nrh-tlt.json",
	"NRH-AWoL": "bestiary-nrh-awol.json",
	"NRH-AT": "bestiary-nrh-at.json",
	"OotA": "bestiary-oota.json",
	"OoW": "bestiary-oow.json",
	"PSA": "bestiary-ps-a.json",
	"PSD": "bestiary-ps-d.json",
	"PSI": "bestiary-ps-i.json",
	"PSK": "bestiary-ps-k.json",
	"PSX": "bestiary-ps-x.json",
	"PSZ": "bestiary-ps-z.json",
	"PHB": "bestiary-phb.json",
	"PotA": "bestiary-pota.json",
	"RMBRE": "bestiary-rmbre.json",
	"RoT": "bestiary-rot.json",
	"RtG": "bestiary-rtg.json",
	"SADS": "bestiary-sads.json",
	"SCC": "bestiary-scc.json",
	"SDW": "bestiary-sdw.json",
	"SKT": "bestiary-skt.json",
	"SLW": "bestiary-slw.json",
	"TCE": "bestiary-tce.json",
	"TTP": "bestiary-ttp.json",
	"TftYP": "bestiary-tftyp.json",
	"ToA": "bestiary-toa.json",
	"VGM": "bestiary-vgm.json",
	"VRGR": "bestiary-vrgr.json",
	"XGE": "bestiary-xge.json",
	"UA2020SubclassesPt2": "bestiary-ua-20s2.json",
	"UA2020SubclassesPt5": "bestiary-ua-20s5.json",
	"UA2020SpellsAndMagicTattoos": "bestiary-ua-2020smt.json",
	"UA2021DraconicOptions": "bestiary-ua-2021do.json",
	"UA2021MagesOfStrixhaven": "bestiary-ua-2021mos.json",
	"UAArtificerRevisited": "bestiary-ua-ar.json",
	"UAClassFeatureVariants": "bestiary-ua-cfv.json",
	"UAClericDruidWizard": "bestiary-ua-cdw.json",
	"WBtW": "bestiary-wbtw.json",
	"WDH": "bestiary-wdh.json",
	"WDMM": "bestiary-wdmm.json"
}
