{
	"class": [
		{
			"name": "Artificer",
			"source": "TCE",
			"page": 9,
			"otherSources": [
				{
					"source": "ERLW",
					"page": 54
				}
			],
			"edition": "classic",
			"hd": {
				"number": 1,
				"faces": 8
			},
			"proficiency": [
				"con",
				"int"
			],
			"spellcastingAbility": "int",
			"casterProgression": "artificer",
			"preparedSpells": "<$level$> / 2 + <$int_mod$>",
			"preparedSpellsChange": "restLong",
			"cantripProgression": [
				2,
				2,
				2,
				2,
				2,
				2,
				2,
				2,
				2,
				3,
				3,
				3,
				3,
				4,
				4,
				4,
				4,
				4,
				4,
				4
			],
			"optionalfeatureProgression": [
				{
					"name": "Infusions",
					"featureType": [
						"AI"
					],
					"progression": [
						0,
						4,
						4,
						4,
						4,
						6,
						6,
						6,
						6,
						8,
						8,
						8,
						8,
						10,
						10,
						10,
						10,
						12,
						12,
						12
					]
				}
			],
			"startingProficiencies": {
				"armor": [
					"light",
					"medium",
					"shield"
				],
				"weapons": [
					"simple",
					{
						"proficiency": "firearms",
						"optional": true
					}
				],
				"tools": [
					"{@item thieves' tools|PHB}",
					"{@item tinker's tools|PHB}",
					"one type of {@item artisan's tools|PHB} of your choice"
				],
				"toolProficiencies": [
					{
						"thieves' tools": true,
						"tinker's tools": true,
						"anyArtisansTool": 1
					}
				],
				"skills": [
					{
						"choose": {
							"from": [
								"arcana",
								"history",
								"investigation",
								"medicine",
								"nature",
								"perception",
								"sleight of hand"
							],
							"count": 2
						}
					}
				]
			},
			"startingEquipment": {
				"additionalFromBackground": true,
				"default": [
					"any two {@filter simple weapons|items|source=phb|category=basic|type=simple weapon} of your choice",
					"a {@item light crossbow|phb} and {@item crossbow bolts (20)|phb|20 bolts}",
					"(a) {@item studded leather armor|phb} or (b) {@item scale mail|phb}",
					"{@item thieves' tools|phb} and a {@item dungeoneer's pack|phb}"
				],
				"goldAlternative": "{@dice 5d4 × 10|5d4 × 10|Starting Gold}",
				"defaultData": [
					{
						"_": [
							{
								"equipmentType": "weaponSimple",
								"quantity": 2
							}
						]
					},
					{
						"_": [
							"light crossbow|phb",
							"crossbow bolts (20)|phb"
						]
					},
					{
						"a": [
							"studded leather armor|phb"
						],
						"b": [
							"scale mail|phb"
						]
					},
					{
						"_": [
							"thieves' tools|phb",
							"dungeoneer's pack|phb"
						]
					}
				]
			},
			"multiclassing": {
				"requirements": {
					"int": 13
				},
				"proficienciesGained": {
					"armor": [
						"light",
						"medium",
						"shield"
					],
					"tools": [
						"{@item thieves' tools|PHB}",
						"{@item tinker's tools|PHB}"
					],
					"toolProficiencies": [
						{
							"thieves' tools": true,
							"tinker's tools": true
						}
					]
				}
			},
			"classTableGroups": [
				{
					"colLabels": [
						"{@filter Infusions Known|optionalfeatures|feature type=ai|source=TCE}",
						"Infused Items",
						"{@filter Cantrips Known|spells|level=0|class=artificer}"
					],
					"rows": [
						[
							0,
							0,
							2
						],
						[
							4,
							2,
							2
						],
						[
							4,
							2,
							2
						],
						[
							4,
							2,
							2
						],
						[
							4,
							2,
							2
						],
						[
							6,
							3,
							2
						],
						[
							6,
							3,
							2
						],
						[
							6,
							3,
							2
						],
						[
							6,
							3,
							2
						],
						[
							8,
							4,
							3
						],
						[
							8,
							4,
							3
						],
						[
							8,
							4,
							3
						],
						[
							8,
							4,
							3
						],
						[
							10,
							5,
							4
						],
						[
							10,
							5,
							4
						],
						[
							10,
							5,
							4
						],
						[
							10,
							5,
							4
						],
						[
							12,
							6,
							4
						],
						[
							12,
							6,
							4
						],
						[
							12,
							6,
							4
						]
					]
				},
				{
					"title": "Spell Slots per Spell Level",
					"colLabels": [
						"{@filter 1st|spells|level=1|class=Artificer}",
						"{@filter 2nd|spells|level=2|class=Artificer}",
						"{@filter 3rd|spells|level=3|class=Artificer}",
						"{@filter 4th|spells|level=4|class=Artificer}",
						"{@filter 5th|spells|level=5|class=Artificer}"
					],
					"rowsSpellProgression": [
						[
							2,
							0,
							0,
							0,
							0
						],
						[
							2,
							0,
							0,
							0,
							0
						],
						[
							3,
							0,
							0,
							0,
							0
						],
						[
							3,
							0,
							0,
							0,
							0
						],
						[
							4,
							2,
							0,
							0,
							0
						],
						[
							4,
							2,
							0,
							0,
							0
						],
						[
							4,
							3,
							0,
							0,
							0
						],
						[
							4,
							3,
							0,
							0,
							0
						],
						[
							4,
							3,
							2,
							0,
							0
						],
						[
							4,
							3,
							2,
							0,
							0
						],
						[
							4,
							3,
							3,
							0,
							0
						],
						[
							4,
							3,
							3,
							0,
							0
						],
						[
							4,
							3,
							3,
							1,
							0
						],
						[
							4,
							3,
							3,
							1,
							0
						],
						[
							4,
							3,
							3,
							2,
							0
						],
						[
							4,
							3,
							3,
							2,
							0
						],
						[
							4,
							3,
							3,
							3,
							1
						],
						[
							4,
							3,
							3,
							3,
							1
						],
						[
							4,
							3,
							3,
							3,
							2
						],
						[
							4,
							3,
							3,
							3,
							2
						]
					]
				}
			],
			"classFeatures": [
				"Optional Rule: Firearm Proficiency|Artificer|TCE|1",
				"Magical Tinkering|Artificer|TCE|1",
				"Spellcasting|Artificer|TCE|1",
				"Infuse Item|Artificer|TCE|2",
				{
					"classFeature": "Artificer Specialist|Artificer|TCE|3",
					"gainSubclassFeature": true
				},
				"The Right Tool for the Job|Artificer|TCE|3",
				"Ability Score Improvement|Artificer|TCE|4",
				{
					"classFeature": "Artificer Specialist Feature|Artificer|TCE|5",
					"gainSubclassFeature": true
				},
				"Tool Expertise|Artificer|TCE|6",
				"Flash of Genius|Artificer|TCE|7",
				"Ability Score Improvement|Artificer|TCE|8",
				{
					"classFeature": "Artificer Specialist Feature|Artificer|TCE|9",
					"gainSubclassFeature": true
				},
				"Magic Item Adept|Artificer|TCE|10",
				"Spell-Storing Item|Artificer|TCE|11",
				"Ability Score Improvement|Artificer|TCE|12",
				"Magic Item Savant|Artificer|TCE|14",
				{
					"classFeature": "Artificer Specialist Feature|Artificer|TCE|15",
					"gainSubclassFeature": true
				},
				"Ability Score Improvement|Artificer|TCE|16",
				"Magic Item Master|Artificer|TCE|18",
				"Ability Score Improvement|Artificer|TCE|19",
				"Soul of Artifice|Artificer|TCE|20"
			],
			"subclassTitle": "Artificer Specialist",
			"hasFluff": true,
			"hasFluffImages": true
		}
	],
	"subclass": [
		{
			"name": "Alchemist",
			"shortName": "Alchemist",
			"source": "TCE",
			"className": "Artificer",
			"classSource": "TCE",
			"page": 14,
			"otherSources": [
				{
					"source": "ERLW",
					"page": 58
				}
			],
			"edition": "classic",
			"additionalSpells": [
				{
					"prepared": {
						"3": [
							"healing word",
							"ray of sickness"
						],
						"5": [
							"flaming sphere",
							"melf's acid arrow"
						],
						"9": [
							"gaseous form",
							"mass healing word"
						],
						"13": [
							"blight",
							"death ward"
						],
						"17": [
							"cloudkill",
							"raise dead"
						]
					}
				}
			],
			"subclassFeatures": [
				"Alchemist|Artificer|TCE|Alchemist|TCE|3",
				"Alchemical Savant|Artificer|TCE|Alchemist|TCE|5",
				"Restorative Reagents|Artificer|TCE|Alchemist|TCE|9",
				"Chemical Mastery|Artificer|TCE|Alchemist|TCE|15"
			],
			"hasFluffImages": true
		},
		{
			"name": "Armorer",
			"shortName": "Armorer",
			"source": "TCE",
			"className": "Artificer",
			"classSource": "TCE",
			"page": 15,
			"edition": "classic",
			"additionalSpells": [
				{
					"prepared": {
						"3": [
							"magic missile",
							"thunderwave"
						],
						"5": [
							"mirror image",
							"shatter"
						],
						"9": [
							"hypnotic pattern",
							"lightning bolt"
						],
						"13": [
							"fire shield",
							"greater invisibility"
						],
						"17": [
							"passwall",
							"wall of force"
						]
					}
				}
			],
			"subclassFeatures": [
				"Armorer|Artificer|TCE|Armorer|TCE|3",
				"Extra Attack|Artificer|TCE|Armorer|TCE|5",
				"Armor Modifications|Artificer|TCE|Armorer|TCE|9",
				"Perfected Armor|Artificer|TCE|Armorer|TCE|15"
			],
			"hasFluffImages": true
		},
		{
			"name": "Artillerist",
			"shortName": "Artillerist",
			"source": "TCE",
			"className": "Artificer",
			"classSource": "TCE",
			"page": 17,
			"otherSources": [
				{
					"source": "ERLW",
					"page": 59
				}
			],
			"edition": "classic",
			"additionalSpells": [
				{
					"prepared": {
						"3": [
							"shield",
							"thunderwave"
						],
						"5": [
							"scorching ray",
							"shatter"
						],
						"9": [
							"fireball",
							"wind wall"
						],
						"13": [
							"ice storm",
							"wall of fire"
						],
						"17": [
							"cone of cold",
							"wall of force"
						]
					}
				}
			],
			"subclassFeatures": [
				"Artillerist|Artificer|TCE|Artillerist|TCE|3",
				"Arcane Firearm|Artificer|TCE|Artillerist|TCE|5",
				"Explosive Cannon|Artificer|TCE|Artillerist|TCE|9",
				"Fortified Position|Artificer|TCE|Artillerist|TCE|15"
			],
			"hasFluffImages": true
		},
		{
			"name": "Battle Smith",
			"shortName": "Battle Smith",
			"source": "TCE",
			"className": "Artificer",
			"classSource": "TCE",
			"page": 18,
			"otherSources": [
				{
					"source": "ERLW",
					"page": 60
				}
			],
			"edition": "classic",
			"additionalSpells": [
				{
					"prepared": {
						"3": [
							"heroism",
							"shield"
						],
						"5": [
							"branding smite",
							"warding bond"
						],
						"9": [
							"aura of vitality",
							"conjure barrage"
						],
						"13": [
							"aura of purity",
							"fire shield"
						],
						"17": [
							"banishing smite",
							"mass cure wounds"
						]
					}
				}
			],
			"subclassFeatures": [
				"Battle Smith|Artificer|TCE|Battle Smith|TCE|3",
				"Extra Attack|Artificer|TCE|Battle Smith|TCE|5",
				"Arcane Jolt|Artificer|TCE|Battle Smith|TCE|9",
				"Improved Defender|Artificer|TCE|Battle Smith|TCE|15"
			],
			"hasFluffImages": true
		}
	],
	"classFeature": [
		{
			"name": "Magical Tinkering",
			"source": "TCE",
			"page": 9,
			"otherSources": [
				{
					"source": "ERLW",
					"page": 54
				}
			],
			"className": "Artificer",
			"classSource": "TCE",
			"level": 1,
			"entries": [
				"{@i 1st-level artificer feature}",
				"You've learned how to invest a spark of magic into mundane objects. To use this ability, you must have {@item thieves' tools|PHB} or {@item artisan's tools|PHB} in hand. You then touch a Tiny nonmagical object as an action and give it one of the following magical properties of your choice:",
				{
					"type": "list",
					"items": [
						"The object sheds bright light in a 5-foot radius and dim light for an additional 5 feet.",
						"Whenever tapped by a creature, the object emits a recorded message that can be heard up to 10 feet away. You utter the message when you bestow this property on the object, and the recording can be no more than 6 seconds long.",
						"The object continuously emits your choice of an odor or a nonverbal sound (wind, waves, chirping, or the like). The chosen phenomenon is perceivable up to 10 feet away.",
						"A static visual effect appears on one of the object's surfaces. This effect can be a picture, up to 25 words of text, lines and shapes, or a mixture of these elements, as you like."
					]
				},
				"The chosen property lasts indefinitely. As an action, you can touch the object and end the property early.",
				"You can bestow magic on multiple objects, touching one object each time you use this feature, though a single object can only bear one property at a time. The maximum number of objects you can affect with this feature at one time is equal to your Intelligence modifier (minimum of one object). If you try to exceed your maximum, the oldest property immediately ends, and then the new property applies."
			]
		},
		{
			"name": "Optional Rule: Firearm Proficiency",
			"source": "TCE",
			"page": 9,
			"otherSources": [
				{
					"source": "ERLW",
					"page": 54
				}
			],
			"className": "Artificer",
			"classSource": "TCE",
			"level": 1,
			"entries": [
				"The secrets of creating and operating gunpowder weapons have been discovered in various corners of the D&D multiverse. If your Dungeon Master uses the rules on firearms in {@book chapter 9|DMG|9|Firearms} of the {@book Dungeon Master's Guide|DMG} and your artificer has been exposed to the operation of such weapons, your artificer is proficient with them."
			]
		},
		{
			"name": "Spellcasting",
			"source": "TCE",
			"page": 9,
			"otherSources": [
				{
					"source": "ERLW",
					"page": 54
				}
			],
			"className": "Artificer",
			"classSource": "TCE",
			"level": 1,
			"entries": [
				"{@i 1st-level artificer feature}",
				"You've studied the workings of magic and how to cast spells, channeling the magic through objects. To observers, you don't appear to be casting spells in a conventional way; you appear to produce wonders from mundane items and outlandish inventions.",
				{
					"type": "entries",
					"name": "Tools Required",
					"entries": [
						"You produce your artificer spell effects through your tools. You must have a spellcasting focus\u2014specifically {@item thieves' tools|phb} or some kind of {@item artisan's tools|phb|artisan's tool}\u2014in hand when you cast any spell with this Spellcasting feature (meaning the spell has an 'M' component when you cast it). You must be proficient with the tool to use it in this way. See {@book chapter 5|PHB|4}, \"Equipment,\" in the {@book Player's Handbook|PHB} for descriptions of these tools.",
						"After you gain the Infuse Item feature at 2nd level, you can also use any item bearing one of your infusions as a spellcasting focus.",
						{
							"type": "inset",
							"name": "The Magic of Artifice",
							"entries": [
								"As an artificer, you use tools when you cast your spells. When describing your spellcasting, think about how you're using a tool to perform the spell effect. If you cast {@spell cure wounds} using {@item alchemist's supplies|PHB}, you could be quickly producing a salve. If you cast it using {@item tinker's tools|PHB}, you might have a miniature mechanical spider that binds wounds. When you cast {@spell poison spray}, you could fling foul chemicals or use a wand that spits venom. The effect of the spell is the same as for a spellcaster of any other class, but your method of spellcasting is special.",
								"The same principle applies when you prepare your spells. As an artificer, you don't study a spellbook or pray to prepare your spells. Instead, you work with your tools and create the specialized items you'll use to produce your effects. If you replace {@spell cure wounds} with {@spell heat metal}, you might be altering the device you use to heal\u2014perhaps modifying a tool so that it channels heat instead of healing energy.",
								"Such details don't limit you in any way or provide you with any benefit beyond the spell's effects. You don't have to justify how you're using tools to cast a spell. But describing your spellcasting creatively is a fun way to distinguish yourself from other spellcasters."
							]
						}
					]
				},
				{
					"type": "entries",
					"name": "Cantrips (0-Level Spells)",
					"entries": [
						"At 1st level, you know two cantrips of your choice from the {@filter artificer spell list|spells|level=0|class=Artificer}. At higher levels, you learn additional artificer cantrips of your choice, as shown in the Cantrips Known column of the Artificer table.",
						"When you gain a level in this class, you can replace one of the artificer cantrips you know with another cantrip from the artificer spell list."
					]
				},
				{
					"type": "entries",
					"name": "Preparing and Casting Spells",
					"entries": [
						"The Artificer table shows how many spell slots you have to cast your artificer spells. To cast one of your artificer spells of 1st level or higher, you must expend a slot of the spell's level or higher. You regain all expended spell slots when you finish a long rest.",
						"You prepare the list of artificer spells that are available for you to cast, choosing from the {@filter artificer spell list|spells|class=Artificer}. When you do so, choose a number of artificer spells equal to your Intelligence modifier + half your artificer level, rounded down (minimum of one spell). The spells must be of a level for which you have spell slots.",
						"For example, if you are a 5th-level artificer, you have four 1st-level and two 2nd-level spell slots. With an Intelligence of 14, your list of prepared spells can include four spells of 1st or 2nd level, in any combination. If you prepare the 1st-level spell {@spell cure wounds}, you can cast it using a 1st-level or a 2nd-level slot. Casting the spell doesn't remove it from your list of prepared spells.",
						"You can change your list of prepared spells when you finish a long rest. Preparing a new list of artificer spells requires time spent tinkering with your spellcasting focuses: at least 1 minute per spell level for each spell on your list."
					]
				},
				{
					"type": "entries",
					"name": "Spellcasting Ability",
					"entries": [
						"Intelligence is your spellcasting ability for your artificer spells; your understanding of the theory behind magic allows you to wield these spells with superior skill. You use your Intelligence whenever an artificer spell refers to your spellcasting ability. In addition, you use your Intelligence modifier when setting the saving throw DC for an artificer spell you cast and when making an attack roll with one.",
						{
							"type": "abilityDc",
							"name": "Spell",
							"attributes": [
								"int"
							]
						},
						{
							"type": "abilityAttackMod",
							"name": "Spell",
							"attributes": [
								"int"
							]
						}
					]
				},
				{
					"type": "entries",
					"name": "Ritual Casting",
					"entries": [
						"You can cast an artificer spell as a ritual if that spell has the ritual tag and you have the spell prepared."
					]
				}
			]
		},
		{
			"name": "Infuse Item",
			"source": "TCE",
			"page": 9,
			"otherSources": [
				{
					"source": "ERLW",
					"page": 54
				}
			],
			"className": "Artificer",
			"classSource": "TCE",
			"level": 2,
			"entries": [
				"{@i 2nd-level artificer feature}",
				"You've gained the ability to imbue mundane items with certain magical infusions, turning those objects into magic items.",
				{
					"type": "refClassFeature",
					"classFeature": "Infusions Known|Artificer|TCE|2"
				},
				{
					"type": "inset",
					"name": "Artificer Infusions",
					"entries": [
						"Artificers have invented numerous magical infusions, extraordinary processes that rapidly create magic items. To many, artificers seem like wonderworkers, accomplishing in hours what others need weeks to complete.",
						"The description of each of the following infusions details the type of item that can receive it, along with whether the resulting magic item requires attunement.",
						"Some infusions specify a minimum artificer level. You can't learn such an infusion until you are at least that level.",
						"Unless an infusion's description says otherwise, you can't learn an infusion more than once."
					]
				},
				{
					"type": "entries",
					"name": "Infusing an Item",
					"entries": [
						"Whenever you finish a long rest, you can touch a nonmagical object and imbue it with one of your artificer infusions, turning it into a magic item. An infusion works on only certain kinds of objects, as specified in the infusion's description. If the item requires attunement, you can attune yourself to it the instant you infuse the item. If you decide to attune to the item later, you must do so using the normal process for attunement (see \"{@book Attunement|DMG|7|Attunement}\" in chapter 7 of the {@book Dungeon Master's Guide|DMG}).",
						"Your infusion remains in an item indefinitely, but when you die, the infusion vanishes after a number of days have passed equal to your Intelligence modifier (minimum of 1 day). The infusion also vanishes if you give up your knowledge of the infusion for another one.",
						"You can infuse more than one nonmagical object at the end of a long rest; the maximum number of objects appears in the Infused Items column of the Artificer table. You must touch each of the objects, and each of your infusions can be in only one object at a time. Moreover, no object can bear more than one of your infusions at a time. If you try to exceed your maximum number of infusions, the oldest infusion immediately ends, and then the new infusion applies.",
						"If an infusion ends on an item that contains other things, like a {@item bag of holding}, its contents harmlessly appear in and around its space."
					]
				}
			]
		},
		{
			"name": "Infusions Known",
			"source": "TCE",
			"page": 9,
			"otherSources": [
				{
					"source": "ERLW",
					"page": 54
				}
			],
			"className": "Artificer",
			"classSource": "TCE",
			"level": 2,
			"header": 1,
			"entries": [
				"When you gain this feature, pick four artificer infusions to learn, choosing from the \"{@filter Artificer Infusions|optionalfeatures|feature type=ai|source=TCE}\" section at the end of the class's description. You learn additional infusions of your choice when you reach certain levels in this class, as shown in the Infusions Known column of the Artificer table.",
				"Whenever you gain a level in this class, you can replace one of the artificer infusions you learned with a new one."
			]
		},
		{
			"name": "Artificer Specialist",
			"source": "TCE",
			"page": 9,
			"otherSources": [
				{
					"source": "ERLW",
					"page": 54
				}
			],
			"className": "Artificer",
			"classSource": "TCE",
			"level": 3,
			"entries": [
				"{@i 3rd-level artificer feature}",
				"Choose the type of specialist you are, each of which is detailed at the end of the class's description. Your choice grants you features at 5th level and again at 9th and 15th level."
			]
		},
		{
			"name": "The Right Tool for the Job",
			"source": "TCE",
			"page": 9,
			"otherSources": [
				{
					"source": "ERLW",
					"page": 54
				}
			],
			"className": "Artificer",
			"classSource": "TCE",
			"level": 3,
			"entries": [
				"{@i 3rd-level artificer feature}",
				"You've learned how to produce exactly the tool you need: with {@item thieves' tools|PHB} or {@item artisan's tools|PHB} in hand, you can magically create one set of {@item artisan's tools|PHB} in an unoccupied space within 5 feet of you. This creation requires 1 hour of uninterrupted work, which can coincide with a short or long rest. Though the product of magic, the tools are nonmagical, and they vanish when you use this feature again."
			]
		},
		{
			"name": "Ability Score Improvement",
			"source": "TCE",
			"page": 9,
			"otherSources": [
				{
					"source": "ERLW",
					"page": 54
				}
			],
			"className": "Artificer",
			"classSource": "TCE",
			"level": 4,
			"entries": [
				"{@i 4th-level artificer feature}",
				"When you reach 4th level, you can increase one ability score of your choice by 2, or you can increase two ability scores of your choice by 1. As normal, you can't increase an ability score above 20 using this feature.",
				"If your DM allows the use of feats, you may instead take a {@5etools feat|feats.html}."
			]
		},
		{
			"name": "Artificer Specialist Feature",
			"source": "TCE",
			"page": 9,
			"otherSources": [
				{
					"source": "ERLW",
					"page": 54
				}
			],
			"className": "Artificer",
			"classSource": "TCE",
			"level": 5,
			"entries": [
				"{@i 5th-level artificer feature}",
				"You gain a feature granted by your Artificer Specialist choice."
			]
		},
		{
			"name": "Tool Expertise",
			"source": "TCE",
			"page": 9,
			"otherSources": [
				{
					"source": "ERLW",
					"page": 54
				}
			],
			"className": "Artificer",
			"classSource": "TCE",
			"level": 6,
			"entries": [
				"{@i 6th-level artificer feature}",
				"Your proficiency bonus is now doubled for any ability check you make that uses your proficiency with a tool."
			]
		},
		{
			"name": "Flash of Genius",
			"source": "TCE",
			"page": 9,
			"otherSources": [
				{
					"source": "ERLW",
					"page": 54
				}
			],
			"className": "Artificer",
			"classSource": "TCE",
			"level": 7,
			"entries": [
				"{@i 7th-level artificer feature}",
				"You've gained the ability to come up with solutions under pressure. When you or another creature you can see within 30 feet of you makes an ability check or a saving throw, you can use your reaction to add your Intelligence modifier to the roll.",
				"You can use this feature a number of times equal to your Intelligence modifier (minimum of once). You regain all expended uses when you finish a long rest."
			]
		},
		{
			"name": "Ability Score Improvement",
			"source": "TCE",
			"page": 9,
			"otherSources": [
				{
					"source": "ERLW",
					"page": 54
				}
			],
			"className": "Artificer",
			"classSource": "TCE",
			"level": 8,
			"entries": [
				"{@i 8th-level artificer feature}",
				"When you reach 8th level, you can increase one ability score of your choice by 2, or you can increase two ability scores of your choice by 1. As normal, you can't increase an ability score above 20 using this feature.",
				"If your DM allows the use of feats, you may instead take a {@5etools feat|feats.html}."
			]
		},
		{
			"name": "Artificer Specialist Feature",
			"source": "TCE",
			"page": 9,
			"otherSources": [
				{
					"source": "ERLW",
					"page": 54
				}
			],
			"className": "Artificer",
			"classSource": "TCE",
			"level": 9,
			"entries": [
				"{@i 9th-level artificer feature}",
				"You gain a feature granted by your Artificer Specialist choice."
			]
		},
		{
			"name": "Magic Item Adept",
			"source": "TCE",
			"page": 9,
			"otherSources": [
				{
					"source": "ERLW",
					"page": 54
				}
			],
			"className": "Artificer",
			"classSource": "TCE",
			"level": 10,
			"entries": [
				"{@i 10th-level artificer feature}",
				"You've achieved a profound understanding of how to use and make magic items:",
				{
					"type": "list",
					"items": [
						"You can attune to up to four magic items at once.",
						"If you craft a magic item with a rarity of common or uncommon, it takes you a quarter of the normal time, and it costs you half as much of the usual gold."
					]
				}
			]
		},
		{
			"name": "Spell-Storing Item",
			"source": "TCE",
			"page": 9,
			"otherSources": [
				{
					"source": "ERLW",
					"page": 54
				}
			],
			"className": "Artificer",
			"classSource": "TCE",
			"level": 11,
			"entries": [
				"{@i 11th-level artificer feature}",
				"You can now store a spell in an object. Whenever you finish a long rest, you can touch one {@filter simple or martial weapon|items|source=phb|category=basic|type=martial weapon;simple weapon} or one item that you can use as a spellcasting focus, and you store a spell in it, choosing a 1st- or 2nd-level spell from the {@filter artificer spell list|spells|class=Artificer|cast time=action|level=1;2} that requires 1 action to cast (you needn't have it prepared).",
				"While holding the object, a creature can take an action to produce the spell's effect from it, using your spellcasting ability modifier. If the spell requires {@status concentration}, the creature must concentrate. The spell stays in the object until it's been used a number of times equal to twice your Intelligence modifier (minimum of twice) or until you use this feature again to store a spell in an object."
			]
		},
		{
			"name": "Ability Score Improvement",
			"source": "TCE",
			"page": 9,
			"otherSources": [
				{
					"source": "ERLW",
					"page": 54
				}
			],
			"className": "Artificer",
			"classSource": "TCE",
			"level": 12,
			"entries": [
				"{@i 12th-level artificer feature}",
				"When you reach 12th level, you can increase one ability score of your choice by 2, or you can increase two ability scores of your choice by 1. As normal, you can't increase an ability score above 20 using this feature.",
				"If your DM allows the use of feats, you may instead take a {@5etools feat|feats.html}."
			]
		},
		{
			"name": "Magic Item Savant",
			"source": "TCE",
			"page": 9,
			"otherSources": [
				{
					"source": "ERLW",
					"page": 54
				}
			],
			"className": "Artificer",
			"classSource": "TCE",
			"level": 14,
			"entries": [
				"{@i 14th-level artificer feature}",
				"Your skill with magic items deepens:",
				{
					"type": "list",
					"items": [
						"You can attune to up to five magic items at once.",
						"You ignore all class, race, spell, and level requirements on attuning to or using a magic item."
					]
				}
			]
		},
		{
			"name": "Artificer Specialist Feature",
			"source": "TCE",
			"page": 9,
			"otherSources": [
				{
					"source": "ERLW",
					"page": 54
				}
			],
			"className": "Artificer",
			"classSource": "TCE",
			"level": 15,
			"entries": [
				"{@i 15th-level artificer feature}",
				"You gain a feature granted by your Artificer Specialist choice."
			]
		},
		{
			"name": "Ability Score Improvement",
			"source": "TCE",
			"page": 9,
			"otherSources": [
				{
					"source": "ERLW",
					"page": 54
				}
			],
			"className": "Artificer",
			"classSource": "TCE",
			"level": 16,
			"entries": [
				"{@i 16th-level artificer feature}",
				"When you reach 16th level, you can increase one ability score of your choice by 2, or you can increase two ability scores of your choice by 1. As normal, you can't increase an ability score above 20 using this feature.",
				"If your DM allows the use of feats, you may instead take a {@5etools feat|feats.html}."
			]
		},
		{
			"name": "Magic Item Master",
			"source": "TCE",
			"page": 9,
			"otherSources": [
				{
					"source": "ERLW",
					"page": 54
				}
			],
			"className": "Artificer",
			"classSource": "TCE",
			"level": 18,
			"entries": [
				"{@i 18th-level artificer feature}",
				"You can now attune to up to six magic items at once."
			]
		},
		{
			"name": "Ability Score Improvement",
			"source": "TCE",
			"page": 9,
			"otherSources": [
				{
					"source": "ERLW",
					"page": 54
				}
			],
			"className": "Artificer",
			"classSource": "TCE",
			"level": 19,
			"entries": [
				"{@i 19th-level artificer feature}",
				"When you reach 19th level, you can increase one ability score of your choice by 2, or you can increase two ability scores of your choice by 1. As normal, you can't increase an ability score above 20 using this feature.",
				"If your DM allows the use of feats, you may instead take a {@5etools feat|feats.html}."
			]
		},
		{
			"name": "Soul of Artifice",
			"source": "TCE",
			"page": 9,
			"otherSources": [
				{
					"source": "ERLW",
					"page": 54
				}
			],
			"className": "Artificer",
			"classSource": "TCE",
			"level": 20,
			"entries": [
				"{@i 20th-level artificer feature}",
				"You have developed a mystical connection to your magic items, which you can draw on for protection:",
				{
					"type": "list",
					"items": [
						"You gain a +1 bonus to all saving throws per magic item you are currently attuned to.",
						"If you're reduced to 0 hit points but not killed outright, you can use your reaction to end one of your artificer infusions, causing you to drop to 1 hit point instead of 0."
					]
				}
			]
		}
	],
	"subclassFeature": [
		{
			"name": "Alchemist",
			"source": "TCE",
			"page": 14,
			"otherSources": [
				{
					"source": "ERLW",
					"page": 58
				}
			],
			"className": "Artificer",
			"classSource": "TCE",
			"subclassShortName": "Alchemist",
			"subclassSource": "TCE",
			"level": 3,
			"entries": [
				"An Alchemist is an expert at combining reagents to produce mystical effects. Alchemists use their creations to give life and to leech it away. Alchemy is the oldest of artificer traditions, and its versatility has long been valued during times of war and peace.",
				{
					"type": "refSubclassFeature",
					"subclassFeature": "Tool Proficiency|Artificer|TCE|Alchemist|TCE|3"
				},
				{
					"type": "refSubclassFeature",
					"subclassFeature": "Alchemist Spells|Artificer|TCE|Alchemist|TCE|3"
				},
				{
					"type": "refSubclassFeature",
					"subclassFeature": "Experimental Elixir|Artificer|TCE|Alchemist|TCE|3"
				}
			]
		},
		{
			"name": "Alchemist Spells",
			"source": "TCE",
			"page": 14,
			"otherSources": [
				{
					"source": "ERLW",
					"page": 58
				}
			],
			"className": "Artificer",
			"classSource": "TCE",
			"subclassShortName": "Alchemist",
			"subclassSource": "TCE",
			"level": 3,
			"header": 1,
			"entries": [
				"Starting at 3rd level, you always have certain spells prepared after you reach particular levels in this class, as shown in the Alchemist Spells table. These spells count as artificer spells for you, but they don't count against the number of artificer spells you prepare.",
				{
					"type": "table",
					"caption": "Alchemist Spells",
					"colLabels": [
						"Artificer Level",
						"Spell"
					],
					"colStyles": [
						"col-2 text-center",
						"col-10"
					],
					"rows": [
						[
							"3rd",
							"{@spell healing word}, {@spell ray of sickness}"
						],
						[
							"5th",
							"{@spell flaming sphere}, {@spell Melf's acid arrow}"
						],
						[
							"9th",
							"{@spell gaseous form}, {@spell mass healing word}"
						],
						[
							"13th",
							"{@spell blight}, {@spell death ward}"
						],
						[
							"17th",
							"{@spell cloudkill}, {@spell raise dead}"
						]
					]
				}
			]
		},
		{
			"name": "Experimental Elixir",
			"source": "TCE",
			"page": 14,
			"otherSources": [
				{
					"source": "ERLW",
					"page": 58
				}
			],
			"className": "Artificer",
			"classSource": "TCE",
			"subclassShortName": "Alchemist",
			"subclassSource": "TCE",
			"level": 3,
			"header": 1,
			"entries": [
				"Beginning at 3rd level, whenever you finish a long rest, you can magically produce an {@i experimental elixir} in an empty flask you touch. Roll on the Experimental Elixir table for the elixir's effect, which is triggered when someone drinks the elixir. As an action, a creature can drink the elixir or administer it to an {@condition incapacitated} creature.",
				"Creating an {@i experimental elixir} requires you to have {@item alchemist's supplies|PHB} on your person, and any elixir you create with this feature lasts until it is drunk or until the end of your next long rest.",
				"When you reach certain levels in this class, you can make more elixirs at the end of a long rest: two at 6th level and three at 15th level. Roll for each elixir's effect separately. Each elixir requires its own flask.",
				"You can create additional {@i experimental elixirs} by expending a spell slot of 1st level or higher for each one. When you do so, you use your action to create the elixir in an empty flask you touch, and you choose the elixir's effect from the Experimental Elixir table.",
				{
					"type": "table",
					"caption": "Experimental Elixir",
					"colLabels": [
						"d6",
						"Effect"
					],
					"colStyles": [
						"col-2 text-center",
						"col-10"
					],
					"rows": [
						[
							"1",
							"{@b Healing}. The drinker regains a number of hit points equal to {@dice 2d4} + your Intelligence modifier."
						],
						[
							"2",
							"{@b Swiftness}. The drinker's walking speed increases by 10 feet for 1 hour."
						],
						[
							"3",
							"{@b Resilience}. The drinker gains a +1 bonus to AC for 10 minutes."
						],
						[
							"4",
							"{@b Boldness}. The drinker can roll a {@dice d4} and add the number rolled to every attack roll and saving throw they make for the next minute."
						],
						[
							"5",
							"{@b Flight}. The drinker gains a flying speed of 10 feet for 10 minutes."
						],
						[
							"6",
							"{@b Transformation}. The drinker's body is transformed as if by the {@spell alter self} spell. The drinker determines the transformation caused by the spell, the effects of which last for 10 minutes."
						]
					]
				}
			]
		},
		{
			"name": "Tool Proficiency",
			"source": "TCE",
			"page": 14,
			"otherSources": [
				{
					"source": "ERLW",
					"page": 58
				}
			],
			"className": "Artificer",
			"classSource": "TCE",
			"subclassShortName": "Alchemist",
			"subclassSource": "TCE",
			"level": 3,
			"header": 1,
			"entries": [
				"When you adopt this specialization at 3rd level, you gain proficiency with {@item alchemist's supplies|PHB}. If you already have this proficiency, you gain proficiency with one other type of {@item artisan's tools|PHB} of your choice."
			]
		},
		{
			"name": "Alchemical Savant",
			"source": "TCE",
			"page": 14,
			"otherSources": [
				{
					"source": "ERLW",
					"page": 58
				}
			],
			"className": "Artificer",
			"classSource": "TCE",
			"subclassShortName": "Alchemist",
			"subclassSource": "TCE",
			"level": 5,
			"header": 2,
			"entries": [
				"At 5th level, you develop masterful command of magical chemicals, enhancing the healing and damage you create through them. Whenever you cast a spell using your {@item alchemist's supplies|PHB} as the spellcasting focus, you gain a bonus to one roll of the spell. That roll must restore hit points or be a damage roll that deals acid, fire, necrotic, or poison damage, and the bonus equals your Intelligence modifier (minimum of +1)."
			]
		},
		{
			"name": "Restorative Reagents",
			"source": "TCE",
			"page": 14,
			"otherSources": [
				{
					"source": "ERLW",
					"page": 58
				}
			],
			"className": "Artificer",
			"classSource": "TCE",
			"subclassShortName": "Alchemist",
			"subclassSource": "TCE",
			"level": 9,
			"header": 2,
			"entries": [
				"Starting at 9th level, you can incorporate restorative reagents into some of your works:",
				{
					"type": "list",
					"items": [
						"Whenever a creature drinks an {@i experimental elixir} you created, the creature gains temporary hit points equal to {@dice 2d6} + your Intelligence modifier (minimum of 1 temporary hit point).",
						"You can cast {@spell lesser restoration} without expending a spell slot and without preparing the spell, provided you use {@item alchemist's supplies|PHB} as the spellcasting focus. You can do so a number of times equal to your Intelligence modifier (minimum of once), and you regain all expended uses when you finish a long rest."
					]
				}
			]
		},
		{
			"name": "Chemical Mastery",
			"source": "TCE",
			"page": 14,
			"otherSources": [
				{
					"source": "ERLW",
					"page": 58
				}
			],
			"className": "Artificer",
			"classSource": "TCE",
			"subclassShortName": "Alchemist",
			"subclassSource": "TCE",
			"level": 15,
			"header": 2,
			"entries": [
				"By 15th level, you have been exposed to so many chemicals that they pose little risk to you, and you can use them to quickly end certain ailments:",
				{
					"type": "list",
					"items": [
						"You gain resistance to acid damage and poison damage, and you are immune to the {@condition poisoned} condition.",
						"You can cast {@spell greater restoration} and {@spell heal} without expending a spell slot, without preparing the spell, and without material components, provided you use {@item alchemist's supplies|PHB} as the spellcasting focus. Once you cast either spell with this feature, you can't cast that spell with it again until you finish a long rest."
					]
				}
			]
		},
		{
			"name": "Armorer",
			"source": "TCE",
			"page": 15,
			"className": "Artificer",
			"classSource": "TCE",
			"subclassShortName": "Armorer",
			"subclassSource": "TCE",
			"level": 3,
			"entries": [
				"An artificer who specializes as an Armorer modifies armor to function almost like a second skin. The armor is enhanced to hone the artificer's magic, unleash potent attacks, and generate a formidable defense. The artificer bonds with this armor, becoming one with it even as they experiment with it and refine its magical capabilities.",
				{
					"type": "refSubclassFeature",
					"subclassFeature": "Tools of the Trade|Artificer|TCE|Armorer|TCE|3"
				},
				{
					"type": "refSubclassFeature",
					"subclassFeature": "Armorer Spells|Artificer|TCE|Armorer|TCE|3"
				},
				{
					"type": "refSubclassFeature",
					"subclassFeature": "Arcane Armor|Artificer|TCE|Armorer|TCE|3"
				},
				{
					"type": "refSubclassFeature",
					"subclassFeature": "Armor Model|Artificer|TCE|Armorer|TCE|3"
				}
			]
		},
		{
			"name": "Dampening Field",
			"source": "TCE",
			"page": 15,
			"className": "Artificer",
			"classSource": "TCE",
			"subclassShortName": "Armorer",
			"subclassSource": "TCE",
			"level": 3,
			"type": "item",
			"entries": [
				"You have advantage on Dexterity ({@skill Stealth}) checks. If the armor normally imposes disadvantage on such checks, the advantage and disadvantage cancel each other, as normal."
			]
		},
		{
			"name": "Defensive Field",
			"source": "TCE",
			"page": 15,
			"className": "Artificer",
			"classSource": "TCE",
			"subclassShortName": "Armorer",
			"subclassSource": "TCE",
			"level": 3,
			"type": "item",
			"entries": [
				"As a bonus action, you can gain temporary hit points equal to your level in this class, replacing any temporary hit points you already have. You lose these temporary hit points if you doff the armor. You can use this bonus action a number of times equal to your proficiency bonus, and you regain all expended uses when you finish a long rest."
			]
		},
		{
			"name": "Lightning Launcher",
			"source": "TCE",
			"page": 15,
			"className": "Artificer",
			"classSource": "TCE",
			"subclassShortName": "Armorer",
			"subclassSource": "TCE",
			"level": 3,
			"type": "item",
			"entries": [
				"A gemlike node appears on one of your armored fists or on the chest (your choice). It counts as a simple ranged weapon, with a normal range of 90 feet and a long range of 300 feet, and it deals {@damage 1d6} lightning damage on a hit. Once on each of your turns when you hit a creature with it, you can deal an extra {@damage 1d6} lightning damage to that target."
			]
		},
		{
			"name": "Powered Steps",
			"source": "TCE",
			"page": 15,
			"className": "Artificer",
			"classSource": "TCE",
			"subclassShortName": "Armorer",
			"subclassSource": "TCE",
			"level": 3,
			"type": "item",
			"entries": [
				"Your walking speed increases by 5 feet."
			]
		},
		{
			"name": "Thunder Gauntlets",
			"source": "TCE",
			"page": 15,
			"className": "Artificer",
			"classSource": "TCE",
			"subclassShortName": "Armorer",
			"subclassSource": "TCE",
			"level": 3,
			"type": "item",
			"entries": [
				"Each of the armor's gauntlets counts as a simple melee weapon while you aren't holding anything in it, and it deals {@damage 1d8} thunder damage on a hit. A creature hit by the gauntlet has disadvantage on attack rolls against targets other than you until the start of your next turn, as the armor magically emits a distracting pulse when the creature attacks someone else."
			]
		},
		{
			"name": "Arcane Armor",
			"source": "TCE",
			"page": 15,
			"className": "Artificer",
			"classSource": "TCE",
			"subclassShortName": "Armorer",
			"subclassSource": "TCE",
			"level": 3,
			"header": 1,
			"entries": [
				"{@i 3rd-level Armorer feature}",
				"Your metallurgical pursuits have led to you making armor a conduit for your magic. As an action, you can turn a suit of armor you are wearing into Arcane Armor, provided you have {@item smith's tools|PHB} in hand.",
				"You gain the following benefits while wearing this armor:",
				{
					"type": "list",
					"items": [
						"If the armor normally has a Strength requirement, the arcane armor lacks this requirement for you.",
						"You can use the arcane armor as a spellcasting focus for your artificer spells.",
						"The armor attaches to you and can't be removed against your will. It also expands to cover your entire body, although you can retract or deploy the helmet as a bonus action. The armor replaces any missing limbs, functioning identically to a limb it replaces.",
						"You can doff or don the armor as an action. The armor continues to be Arcane Armor until you don another suit of armor or you die."
					]
				}
			]
		},
		{
			"name": "Armor Model",
			"source": "TCE",
			"page": 15,
			"className": "Artificer",
			"classSource": "TCE",
			"subclassShortName": "Armorer",
			"subclassSource": "TCE",
			"level": 3,
			"header": 1,
			"entries": [
				"{@i 3rd-level Armorer feature}",
				"You can customize your Arcane Armor. When you do so, choose one of the following armor models: Guardian or Infiltrator. The model you choose gives you special benefits while you wear it.",
				"Each model includes a special weapon. When you attack with that weapon, you can add your Intelligence modifier, instead of Strength or Dexterity, to the attack and damage rolls.",
				"You can change the armor's model whenever you finish a short or long rest, provided you have {@item smith's tools|PHB} in hand.",
				{
					"type": "entries",
					"entries": [
						{
							"type": "entries",
							"name": "Guardian",
							"entries": [
								"You design your armor to be in the front line of conflict. It has the following features:",
								{
									"type": "list",
									"style": "list-hang-notitle",
									"items": [
										{
											"type": "refSubclassFeature",
											"subclassFeature": "Thunder Gauntlets|Artificer|TCE|Armorer|TCE|3"
										},
										{
											"type": "refSubclassFeature",
											"subclassFeature": "Defensive Field|Artificer|TCE|Armorer|TCE|3"
										}
									]
								}
							]
						},
						{
							"type": "entries",
							"name": "Infiltrator",
							"entries": [
								"You customize your armor for subtle undertakings. It has the following features:",
								{
									"type": "list",
									"style": "list-hang-notitle",
									"items": [
										{
											"type": "refSubclassFeature",
											"subclassFeature": "Lightning Launcher|Artificer|TCE|Armorer|TCE|3"
										},
										{
											"type": "refSubclassFeature",
											"subclassFeature": "Powered Steps|Artificer|TCE|Armorer|TCE|3"
										},
										{
											"type": "refSubclassFeature",
											"subclassFeature": "Dampening Field|Artificer|TCE|Armorer|TCE|3"
										}
									]
								}
							]
						}
					]
				}
			]
		},
		{
			"name": "Armorer Spells",
			"source": "TCE",
			"page": 15,
			"className": "Artificer",
			"classSource": "TCE",
			"subclassShortName": "Armorer",
			"subclassSource": "TCE",
			"level": 3,
			"header": 1,
			"entries": [
				"{@i 3rd-level Armorer feature}",
				"You always have certain spells prepared after you reach particular levels in this class, as shown in the Armorer Spells table. These spells count as artificer spells for you, but they don't count against the number of artificer spells you prepare.",
				{
					"type": "table",
					"caption": "Armorer Spells",
					"colLabels": [
						"Artificer Level",
						"Spell"
					],
					"colStyles": [
						"col-2 text-center",
						"col-10"
					],
					"rows": [
						[
							"3rd",
							"{@spell magic missile}, {@spell thunderwave}"
						],
						[
							"5th",
							"{@spell mirror image}, {@spell shatter}"
						],
						[
							"9th",
							"{@spell hypnotic pattern}, {@spell lightning bolt}"
						],
						[
							"13th",
							"{@spell fire shield}, {@spell greater invisibility}"
						],
						[
							"17th",
							"{@spell passwall}, {@spell wall of force}"
						]
					]
				}
			]
		},
		{
			"name": "Tools of the Trade",
			"source": "TCE",
			"page": 15,
			"className": "Artificer",
			"classSource": "TCE",
			"subclassShortName": "Armorer",
			"subclassSource": "TCE",
			"level": 3,
			"header": 1,
			"entries": [
				"{@i 3rd-level Armorer feature}",
				"You gain proficiency with heavy armor. You also gain proficiency with {@item smith's tools|PHB}. If you already have this tool proficiency, you gain proficiency with one other type of {@item artisan's tools|PHB} of your choice."
			]
		},
		{
			"name": "Extra Attack",
			"source": "TCE",
			"page": 15,
			"className": "Artificer",
			"classSource": "TCE",
			"subclassShortName": "Armorer",
			"subclassSource": "TCE",
			"level": 5,
			"header": 2,
			"entries": [
				"{@i 5th-level Armorer feature}",
				"You can attack twice, rather than once, whenever you take the {@action Attack} action on your turn."
			]
		},
		{
			"name": "Armor Modifications",
			"source": "TCE",
			"page": 15,
			"className": "Artificer",
			"classSource": "TCE",
			"subclassShortName": "Armorer",
			"subclassSource": "TCE",
			"level": 9,
			"header": 2,
			"entries": [
				"{@i 9th-level Armorer feature}",
				"You learn how to use your artificer infusions to specially modify your Arcane Armor. That armor now counts as separate items for the purposes of your Infuse Items feature: armor (the chest piece), boots, helmet, and the armor's special weapon. Each of those items can bear one of your infusions, and the infusions transfer over if you change your armor's model with the Armor Model feature. In addition, the maximum number of items you can infuse at once increases by 2, but those extra items must be part of your Arcane Armor."
			]
		},
		{
			"name": "Perfected Armor",
			"source": "TCE",
			"page": 15,
			"className": "Artificer",
			"classSource": "TCE",
			"subclassShortName": "Armorer",
			"subclassSource": "TCE",
			"level": 15,
			"header": 2,
			"entries": [
				"{@i 15th-level Armorer feature}",
				"Your Arcane Armor gains additional benefits based on its model, as shown below.",
				{
					"type": "entries",
					"name": "Guardian",
					"entries": [
						"When a Huge or smaller creature you can see ends its turn within 30 feet of you, you can use your reaction to magically force it to make a Strength saving throw against your spell save DC. On a failed save, you pull the creature up to 25 feet directly to an unoccupied space. If you pull the target to a space within 5 feet of you, you can make a melee weapon attack against it as part of this reaction.",
						"You can use this reaction a number of times equal to your proficiency bonus, and you regain all expended uses of it when you finish a long rest."
					]
				},
				{
					"type": "entries",
					"name": "Infiltrator",
					"entries": [
						"Any creature that takes lightning damage from your Lightning Launcher glimmers with magical light until the start of your next turn. The glimmering creature sheds dim light in a 5-foot radius, and it has disadvantage on attack rolls against you, as the light jolts it if it attacks you. In addition, the next attack roll against it has advantage, and if that attack hits, the target takes an extra {@damage 1d6} lightning damage."
					]
				}
			]
		},
		{
			"name": "Artillerist",
			"source": "TCE",
			"page": 17,
			"otherSources": [
				{
					"source": "ERLW",
					"page": 59
				}
			],
			"className": "Artificer",
			"classSource": "TCE",
			"subclassShortName": "Artillerist",
			"subclassSource": "TCE",
			"level": 3,
			"entries": [
				"An Artillerist specializes in using magic to hurl energy, projectiles, and explosions on a battlefield. This destructive power was valued by all the armies of the Last War. Now that the war is over, some members of this specialization have sought to build a more peaceful world by using their powers to fight the resurgence of strife in Khorvaire.",
				"The gnome artificer Vi, an unlikely yet key member of House Cannith's warforged project, has been especially vocal about making things right: \"It's about time we fixed things instead of blowing them all to hell.\"",
				{
					"type": "refSubclassFeature",
					"subclassFeature": "Tool Proficiency|Artificer|TCE|Artillerist|TCE|3"
				},
				{
					"type": "refSubclassFeature",
					"subclassFeature": "Artillerist Spells|Artificer|TCE|Artillerist|TCE|3"
				},
				{
					"type": "refSubclassFeature",
					"subclassFeature": "Eldritch Cannon|Artificer|TCE|Artillerist|TCE|3"
				}
			]
		},
		{
			"name": "Artillerist Spells",
			"source": "TCE",
			"page": 17,
			"otherSources": [
				{
					"source": "ERLW",
					"page": 59
				}
			],
			"className": "Artificer",
			"classSource": "TCE",
			"subclassShortName": "Artillerist",
			"subclassSource": "TCE",
			"level": 3,
			"header": 1,
			"entries": [
				"Starting at 3rd level, you always have certain spells prepared after you reach particular levels in this class, as shown in the Artillerist Spells table. These spells count as artificer spells for you, but they don't count against the number of artificer spells you prepare.",
				{
					"type": "table",
					"caption": "Artillerist Spells",
					"colLabels": [
						"Artificer Level",
						"Spell"
					],
					"colStyles": [
						"col-2 text-center",
						"col-10"
					],
					"rows": [
						[
							"3rd",
							"{@spell shield}, {@spell thunderwave}"
						],
						[
							"5th",
							"{@spell scorching ray}, {@spell shatter}"
						],
						[
							"9th",
							"{@spell fireball}, {@spell wind wall}"
						],
						[
							"13th",
							"{@spell ice storm}, {@spell wall of fire}"
						],
						[
							"17th",
							"{@spell cone of cold}, {@spell wall of force}"
						]
					]
				}
			]
		},
		{
			"name": "Eldritch Cannon",
			"source": "TCE",
			"page": 17,
			"otherSources": [
				{
					"source": "ERLW",
					"page": 59
				}
			],
			"className": "Artificer",
			"classSource": "TCE",
			"subclassShortName": "Artillerist",
			"subclassSource": "TCE",
			"level": 3,
			"header": 1,
			"entries": [
				"At 3rd level, you learn how to create a magical cannon. Using {@item woodcarver's tools|PHB} or {@item smith's tools|PHB}, you can take an action to magically create a Small or Tiny eldritch cannon in an unoccupied space on a horizontal surface within 5 feet of you. A Small eldritch cannon occupies its space, and a Tiny one can be held in one hand.",
				"Once you create a cannon, you can't do so again until you finish a long rest or until you expend a spell slot of 1st level or higher. You can have only one cannon at a time and can't create one while your cannon is present.",
				"The cannon is a magical object. Regardless of size, the cannon has an AC of 18 and a number of hit points equal to five times your artificer level. It is immune to poison damage and psychic damage, and all conditions. If it is forced to make an ability check or a saving throw, treat all its ability scores as 10 (+0). If the {@spell mending} spell is cast on it, it regains {@dice 2d6} hit points. It disappears if it is reduced to 0 hit points or after 1 hour. You can dismiss it early as an action.",
				"When you create the cannon, you determine its appearance and whether it has legs. You also decide which type it is, choosing from the options on the Eldritch Cannons table. On each of your turns, you can take a bonus action to cause the cannon to activate if you are within 60 feet of it. As part of the same bonus action, you can direct the cannon to walk or climb up to 15 feet to an unoccupied space, provided it has legs.",
				{
					"type": "table",
					"caption": "Eldritch Cannons",
					"colLabels": [
						"Cannon",
						"Activation"
					],
					"colStyles": [
						"col-2",
						"col-10"
					],
					"rows": [
						[
							"{@object Eldritch Cannon, Flamethrower|TCE|Flamethrower}",
							"The cannon exhales fire in an adjacent 15-foot cone that you designate. Each creature in that area must make a Dexterity saving throw against your spell save DC, taking {@damage 2d8} fire damage on a failed save or half as much damage on a successful one. The fire ignites any flammable objects in the area that aren't being worn or carried."
						],
						[
							"{@object Eldritch Cannon, Force Ballista|TCE|Force Ballista}",
							"Make a ranged spell attack, originating from the cannon, at one creature or object within 120 feet of it. On a hit, the target takes {@damage 2d8} force damage, and if the target is a creature, it is pushed up to 5 feet away from the cannon."
						],
						[
							"{@object Eldritch Cannon, Protector|TCE|Protector}",
							"The cannon emits a burst of positive energy that grants itself and each creature of your choice within 10 feet of it a number of temporary hit points equal to {@damage 1d8} + your Intelligence modifier (minimum of +1)."
						]
					]
				}
			]
		},
		{
			"name": "Tool Proficiency",
			"source": "TCE",
			"page": 17,
			"otherSources": [
				{
					"source": "ERLW",
					"page": 59
				}
			],
			"className": "Artificer",
			"classSource": "TCE",
			"subclassShortName": "Artillerist",
			"subclassSource": "TCE",
			"level": 3,
			"header": 1,
			"entries": [
				"When you adopt this specialization at 3rd level, you gain proficiency with {@item woodcarver's tools|PHB}. If you already have this proficiency, you gain proficiency with one other type of {@item artisan's tools|PHB} of your choice."
			]
		},
		{
			"name": "Arcane Firearm",
			"source": "TCE",
			"page": 17,
			"otherSources": [
				{
					"source": "ERLW",
					"page": 59
				}
			],
			"className": "Artificer",
			"classSource": "TCE",
			"subclassShortName": "Artillerist",
			"subclassSource": "TCE",
			"level": 5,
			"header": 2,
			"entries": [
				"At 5th level, you know how to turn a wand, staff, or rod into an arcane firearm, a conduit for your destructive spells. When you finish a long rest, you can use {@item woodcarver's tools|PHB} to carve special sigils into a wand, staff, or rod and thereby turn it into your arcane firearm. The sigils disappear from the object if you later carve them on a different item. The sigils otherwise last indefinitely.",
				"You can use your arcane firearm as a spellcasting focus for your artificer spells. When you cast an artificer spell through the firearm, roll a {@damage d8}, and you gain a bonus to one of the spell's damage rolls equal to the number rolled."
			]
		},
		{
			"name": "Explosive Cannon",
			"source": "TCE",
			"page": 17,
			"otherSources": [
				{
					"source": "ERLW",
					"page": 59
				}
			],
			"className": "Artificer",
			"classSource": "TCE",
			"subclassShortName": "Artillerist",
			"subclassSource": "TCE",
			"level": 9,
			"header": 2,
			"entries": [
				"Starting at 9th level, every eldritch cannon you create is more destructive:",
				{
					"type": "list",
					"items": [
						"The cannon's damage rolls all increase by {@damage 1d8}.",
						"As an action, you can command the cannon to detonate if you are within 60 feet of it. Doing so destroys the cannon and forces each creature within 20 feet of it to make a Dexterity saving throw against your spell save DC, taking {@damage 3d8} force damage on a failed save or half as much damage on a successful one."
					]
				}
			]
		},
		{
			"name": "Fortified Position",
			"source": "TCE",
			"page": 17,
			"otherSources": [
				{
					"source": "ERLW",
					"page": 59
				}
			],
			"className": "Artificer",
			"classSource": "TCE",
			"subclassShortName": "Artillerist",
			"subclassSource": "TCE",
			"level": 15,
			"header": 2,
			"entries": [
				"Starting at 15th level, you're a master at forming well-defended emplacements using Eldritch Cannon:",
				{
					"type": "list",
					"items": [
						"You and your allies have {@quickref Cover||3||half cover} while within 10 feet of a cannon you create with Eldritch Cannon, as a result of a shimmering field of magical protection that the cannon emits.",
						"You can now have two cannons at the same time. You can create two with the same action (but not the same spell slot), and you can activate both of them with the same bonus action. You determine whether the cannons are identical to each other or different. You can't create a third cannon while you have two."
					]
				}
			]
		},
		{
			"name": "Battle Smith",
			"source": "TCE",
			"page": 18,
			"otherSources": [
				{
					"source": "ERLW",
					"page": 60
				}
			],
			"className": "Artificer",
			"classSource": "TCE",
			"subclassShortName": "Battle Smith",
			"subclassSource": "TCE",
			"level": 3,
			"entries": [
				"Armies require protection, and someone has to put things back together if defenses fail. A combination of protector and medic, a Battle Smith is an expert at defending others and repairing both material and personnel. To aid in their work, Battle Smiths are usually accompanied by a steel defender, a protective companion of their own creation. Many soldiers tell stories of nearly dying before being saved by a Battle Smith and a steel defender.",
				"Battle Smiths played a key role in House Cannith's work on battle constructs and the original warforged, and after the Last War, these artificers led efforts to aid those who were injured in the war's horrific battles.",
				{
					"type": "refSubclassFeature",
					"subclassFeature": "Tool Proficiency|Artificer|TCE|Battle Smith|TCE|3"
				},
				{
					"type": "refSubclassFeature",
					"subclassFeature": "Battle Smith Spells|Artificer|TCE|Battle Smith|TCE|3"
				},
				{
					"type": "refSubclassFeature",
					"subclassFeature": "Battle Ready|Artificer|TCE|Battle Smith|TCE|3"
				},
				{
					"type": "refSubclassFeature",
					"subclassFeature": "Steel Defender|Artificer|TCE|Battle Smith|TCE|3"
				}
			]
		},
		{
			"name": "Battle Ready",
			"source": "TCE",
			"page": 18,
			"otherSources": [
				{
					"source": "ERLW",
					"page": 60
				}
			],
			"className": "Artificer",
			"classSource": "TCE",
			"subclassShortName": "Battle Smith",
			"subclassSource": "TCE",
			"level": 3,
			"header": 1,
			"entries": [
				"When you reach 3rd level, your combat training and your experiments with magic have paid off in two ways:",
				{
					"type": "list",
					"items": [
						"You gain proficiency with {@filter martial weapons|items|type=martial weapon}.",
						"When you attack with a magic weapon, you can use your Intelligence modifier, instead of Strength or Dexterity modifier, for the attack and damage rolls."
					]
				}
			]
		},
		{
			"name": "Battle Smith Spells",
			"source": "TCE",
			"page": 18,
			"otherSources": [
				{
					"source": "ERLW",
					"page": 60
				}
			],
			"className": "Artificer",
			"classSource": "TCE",
			"subclassShortName": "Battle Smith",
			"subclassSource": "TCE",
			"level": 3,
			"header": 1,
			"entries": [
				"Starting at 3rd level, you always have certain spells prepared after you reach particular levels in this class, as shown in the Battle Smith Spells table. These spells count as artificer spells for you, but they don't count against the number of artificer spells you prepare.",
				{
					"type": "table",
					"caption": "Battle Smith Spells",
					"colLabels": [
						"Artificer Level",
						"Spell"
					],
					"colStyles": [
						"col-2 text-center",
						"col-10"
					],
					"rows": [
						[
							"3rd",
							"{@spell heroism}, {@spell shield}"
						],
						[
							"5th",
							"{@spell branding smite}, {@spell warding bond}"
						],
						[
							"9th",
							"{@spell aura of vitality}, {@spell conjure barrage}"
						],
						[
							"13th",
							"{@spell aura of purity}, {@spell fire shield}"
						],
						[
							"17th",
							"{@spell banishing smite}, {@spell mass cure wounds}"
						]
					]
				}
			]
		},
		{
			"name": "Steel Defender",
			"source": "TCE",
			"page": 18,
			"otherSources": [
				{
					"source": "ERLW",
					"page": 60
				}
			],
			"className": "Artificer",
			"classSource": "TCE",
			"subclassShortName": "Battle Smith",
			"subclassSource": "TCE",
			"level": 3,
			"header": 1,
			"entries": [
				"By 3rd level, your tinkering has borne you a faithful companion, a {@creature steel defender|tce}. It is friendly to you and your companions, and it obeys your commands. See this creature's game statistics in the steel defender stat block, which uses your proficiency bonus (PB) in several places. You determine the creature's appearance and whether it has two legs or four; your choice has no effect on its game statistics.",
				"In combat, the defender shares your initiative count, but it takes its turn immediately after yours. It can move and use its reaction on its own, but the only action it takes on its turn is the {@action Dodge} action, unless you take a bonus action on your turn to command it to take another action. That action can be one in its stat block or some other action. If you are {@condition incapacitated}, the defender can take any action of its choice, not just {@action Dodge}.",
				"If the {@spell mending} spell is cast on it, it regains {@dice 2d6} hit points. If it has died within the last hour, you can use your {@item smith's tools|PHB} as an action to revive it, provided you are within 5 feet of it and you expend a spell slot of 1st level or higher. The steel defender returns to life after 1 minute with all its hit points restored.",
				"At the end of a long rest, you can create a new steel defender if you have your {@item smith's tools|PHB} with you. If you already have a steel defender from this feature, the first one immediately perishes. The defender also perishes if you die."
			]
		},
		{
			"name": "Tool Proficiency",
			"source": "TCE",
			"page": 18,
			"otherSources": [
				{
					"source": "ERLW",
					"page": 60
				}
			],
			"className": "Artificer",
			"classSource": "TCE",
			"subclassShortName": "Battle Smith",
			"subclassSource": "TCE",
			"level": 3,
			"header": 1,
			"entries": [
				"When you adopt this specialization at 3rd level, you gain proficiency with {@item smith's tools|PHB}. If you already have this proficiency, you gain proficiency with one other type of {@item artisan's tools|PHB} of your choice."
			]
		},
		{
			"name": "Extra Attack",
			"source": "TCE",
			"page": 18,
			"otherSources": [
				{
					"source": "ERLW",
					"page": 60
				}
			],
			"className": "Artificer",
			"classSource": "TCE",
			"subclassShortName": "Battle Smith",
			"subclassSource": "TCE",
			"level": 5,
			"header": 2,
			"entries": [
				"Starting at 5th level, you can attack twice, rather than once, whenever you take the {@action Attack} action on your turn."
			]
		},
		{
			"name": "Arcane Jolt",
			"source": "TCE",
			"page": 18,
			"otherSources": [
				{
					"source": "ERLW",
					"page": 60
				}
			],
			"className": "Artificer",
			"classSource": "TCE",
			"subclassShortName": "Battle Smith",
			"subclassSource": "TCE",
			"level": 9,
			"header": 2,
			"entries": [
				"At 9th level, you learn new ways to channel arcane energy to harm or heal. When either you hit a target with a magic weapon attack or your steel defender hits a target, you can channel magical energy through the strike to create one of the following effects:",
				{
					"type": "list",
					"items": [
						"The target takes an extra {@damage 2d6} force damage.",
						"Choose one creature or object you can see within 30 feet of the target. Healing energy flows into the chosen recipient, restoring {@dice 2d6} hit points to it."
					]
				},
				"You can use this energy a number of times equal to your Intelligence modifier (minimum of once), but you can do so no more than once on a turn. You regain all expended uses when you finish a long rest."
			]
		},
		{
			"name": "Improved Defender",
			"source": "TCE",
			"page": 18,
			"otherSources": [
				{
					"source": "ERLW",
					"page": 60
				}
			],
			"className": "Artificer",
			"classSource": "TCE",
			"subclassShortName": "Battle Smith",
			"subclassSource": "TCE",
			"level": 15,
			"header": 2,
			"entries": [
				"At 15th level, your Arcane Jolt and steel defender become more powerful:",
				{
					"type": "list",
					"items": [
						"The extra damage and the healing of your Arcane Jolt both increase to {@damage 4d6}.",
						"Your steel defender gains a +2 bonus to Armor Class.",
						"Whenever your steel defender uses its Deflect Attack, the attacker takes force damage equal to {@damage 1d4} + your Intelligence modifier."
					]
				}
			]
		}
	]
}
